pair,timeframe,strategy,trades,net_pnl,avg_daily_pnl,win_rate,max_dd
BTCUSDm,1m,S22_bb_rsi_long_40_2p8,782,-476.79,-8.08,29.67,-478.98
BTCUSDm,1m,S20_bb_rsi_long_30_2p6,1137,-752.63,-12.76,29.9,-756.74
BTCUSDm,1m,S32_donchian_short_50,1272,-806.12,-13.44,25.55,-815.94
BTCUSDm,1m,S21_bb_rsi_both_40_2p8,1492,-824.7,-13.75,30.9,-825.17
BTCUSDm,1m,S30_donchian_short_40,1468,-1077.41,-17.96,26.02,-1080.15
BTCUSDm,1m,S16_bb_rsi_long_20_2p4,1586,-1320.29,-22.0,36.63,-1326.54
BTCUSDm,1m,S19_bb_rsi_both_30_2p6,2149,-1350.4,-22.51,30.81,-1350.63
BTCUSDm,1m,S50_custom_short_12_45,2332,-1439.2,-23.99,27.02,-1447.58
BTCUSDm,1m,S28_donchian_short_30,1873,-1619.79,-27.0,25.47,-1622.82
BTCUSDm,1m,S31_donchian_both_50,2431,-1634.68,-27.24,25.71,-1645.02
BTCUSDm,1m,S18_bb_rsi_long_30_2p2,2328,-1646.66,-27.44,30.71,-1652.13
BTCUSDm,1m,S48_custom_short_10_40,2675,-1941.17,-32.35,26.28,-1946.1
BTCUSDm,1m,S26_donchian_short_20,2432,-2170.84,-36.18,28.37,-2177.46
BTCUSDm,1m,S29_donchian_both_40,2823,-2198.07,-36.63,25.82,-2202.43
BTCUSDm,1m,S15_bb_rsi_both_20_2p4,2994,-2415.8,-40.26,36.71,-2418.99
BTCUSDm,1m,S46_custom_short_8_34,3082,-2448.08,-40.8,27.48,-2452.05
BTCUSDm,1m,S24_donchian_short_15,2660,-2474.34,-41.24,32.11,-2479.56
BTCUSDm,1m,S42_structure_long_12_36,3214,-2718.77,-45.31,27.35,-2734.46
BTCUSDm,1m,S49_custom_both_12_45,4444,-2823.71,-47.06,27.3,-2834.53
BTCUSDm,1m,S17_bb_rsi_both_30_2p2,4401,-2986.14,-49.77,31.77,-2989.27
BTCUSDm,1m,S38_structure_long_8_32,3289,-3025.24,-50.42,28.67,-3046.9
BTCUSDm,1m,S27_donchian_both_30,3585,-3158.18,-52.64,25.66,-3162.0
BTCUSDm,1m,S44_custom_short_5_30,3666,-3178.22,-52.97,30.09,-3183.14
BTCUSDm,1m,S14_bb_rsi_long_20_2p0,3281,-3241.31,-54.02,38.52,-3241.31
BTCUSDm,1m,S40_structure_long_10_30,3361,-3430.77,-57.18,30.71,-3449.46
BTCUSDm,1m,S36_structure_long_7_28,3386,-3475.04,-57.92,32.4,-3491.38
BTCUSDm,1m,S47_custom_both_10_40,5124,-3688.48,-61.47,26.72,-3696.57
BTCUSDm,1m,S34_structure_long_6_24,3443,-3933.91,-65.57,35.38,-3950.41
BTCUSDm,1m,S25_donchian_both_20,4713,-4370.7,-72.84,28.09,-4375.07
BTCUSDm,1m,S45_custom_both_8_34,5949,-4789.54,-79.83,27.35,-4795.65
BTCUSDm,1m,S23_donchian_both_15,5197,-4984.48,-83.07,31.33,-4992.85
BTCUSDm,1m,S41_structure_both_12_36,6397,-5121.75,-85.36,27.81,-5127.32
BTCUSDm,1m,S37_structure_both_8_32,6544,-5789.78,-96.5,28.85,-5799.01
BTCUSDm,1m,S13_bb_rsi_both_20_2p0,6259,-5962.33,-99.37,39.29,-5964.79
BTCUSDm,1m,S09_ema_rsi_short_9_30,7070,-6196.86,-103.28,29.8,-6198.19
BTCUSDm,1m,S08_ema_rsi_long_9_30,6765,-6295.04,-104.92,28.71,-6297.93
BTCUSDm,1m,S43_custom_both_5_30,7101,-6317.2,-105.29,29.73,-6322.25
BTCUSDm,1m,S39_structure_both_10_30,6686,-6530.93,-108.85,31.21,-6538.95
BTCUSDm,1m,S35_structure_both_7_28,6742,-6593.61,-109.89,33.12,-6602.13
BTCUSDm,1m,S11_ema_rsi_long_10_34,6892,-6781.41,-113.02,28.15,-6784.13
BTCUSDm,1m,S12_ema_rsi_short_10_34,7279,-6839.15,-113.99,28.75,-6839.42
BTCUSDm,1m,S33_structure_both_6_24,6867,-7508.7,-125.15,36.25,-7520.48
BTCUSDm,1m,S06_ema_rsi_short_8_21,8458,-8346.93,-139.12,34.07,-8348.82
BTCUSDm,1m,S05_ema_rsi_long_8_21,8082,-8383.27,-139.72,32.71,-8385.19
BTCUSDm,1m,S03_ema_rsi_short_5_20,9552,-10872.63,-181.21,38.11,-10874.05
BTCUSDm,1m,S02_ema_rsi_long_5_20,9210,-10904.59,-181.74,36.97,-10906.05
BTCUSDm,1m,S07_ema_rsi_both_9_30,13782,-12446.68,-207.44,29.28,-12449.17
BTCUSDm,1m,S10_ema_rsi_both_10_34,14120,-13573.49,-226.22,28.44,-13576.47
BTCUSDm,1m,S04_ema_rsi_both_8_21,16463,-16670.13,-277.84,33.38,-16672.05
BTCUSDm,1m,S01_ema_rsi_both_5_20,18621,-21624.37,-360.41,37.51,-21625.83
BTCUSDm,3m,S22_bb_rsi_long_40_2p8,314,-101.11,-1.74,34.39,-107.79
BTCUSDm,3m,S32_donchian_short_50,433,-128.51,-2.18,31.41,-137.77
BTCUSDm,3m,S30_donchian_short_40,510,-154.59,-2.62,31.18,-158.56
BTCUSDm,3m,S20_bb_rsi_long_30_2p6,423,-185.49,-3.14,32.39,-190.64
BTCUSDm,3m,S21_bb_rsi_both_40_2p8,546,-189.8,-3.16,32.78,-196.65
BTCUSDm,3m,S28_donchian_short_30,641,-215.78,-3.66,30.73,-222.48
BTCUSDm,3m,S50_custom_short_12_45,787,-242.78,-4.11,31.13,-259.18
BTCUSDm,3m,S31_donchian_both_50,795,-273.55,-4.56,30.94,-279.5
BTCUSDm,3m,S29_donchian_both_40,936,-311.38,-5.19,30.77,-322.46
BTCUSDm,3m,S16_bb_rsi_long_20_2p4,565,-309.84,-5.25,35.04,-316.89
BTCUSDm,3m,S18_bb_rsi_long_30_2p2,811,-311.64,-5.28,33.42,-320.52
BTCUSDm,3m,S48_custom_short_10_40,890,-315.11,-5.34,30.9,-327.18
BTCUSDm,3m,S19_bb_rsi_both_30_2p6,745,-331.77,-5.53,31.54,-334.68
BTCUSDm,3m,S26_donchian_short_20,815,-331.41,-5.62,32.15,-342.52
BTCUSDm,3m,S46_custom_short_8_34,1046,-401.88,-6.81,30.69,-429.15
BTCUSDm,3m,S49_custom_both_12_45,1434,-414.73,-6.91,31.73,-428.03
BTCUSDm,3m,S27_donchian_both_30,1173,-430.08,-7.17,30.52,-447.28
BTCUSDm,3m,S24_donchian_short_15,920,-435.3,-7.38,34.24,-447.08
BTCUSDm,3m,S42_structure_long_12_36,1079,-479.59,-7.99,30.4,-479.59
BTCUSDm,3m,S44_custom_short_5_30,1253,-525.36,-8.9,31.84,-536.77
BTCUSDm,3m,S38_structure_long_8_32,1106,-538.88,-8.98,31.1,-538.88
BTCUSDm,3m,S47_custom_both_10_40,1639,-554.85,-9.25,31.12,-566.47
BTCUSDm,3m,S15_bb_rsi_both_20_2p4,1029,-555.11,-9.25,34.69,-560.86
BTCUSDm,3m,S17_bb_rsi_both_30_2p2,1462,-594.25,-9.9,32.83,-606.27
BTCUSDm,3m,S40_structure_long_10_30,1119,-625.16,-10.42,32.53,-625.16
BTCUSDm,3m,S36_structure_long_7_28,1134,-629.18,-10.49,34.3,-629.18
BTCUSDm,3m,S14_bb_rsi_long_20_2p0,1117,-637.27,-10.8,40.11,-642.2
BTCUSDm,3m,S25_donchian_both_20,1510,-673.91,-11.23,31.46,-693.25
BTCUSDm,3m,S45_custom_both_8_34,1924,-722.35,-12.04,30.98,-736.28
BTCUSDm,3m,S34_structure_long_6_24,1151,-746.48,-12.44,37.45,-746.48
BTCUSDm,3m,S23_donchian_both_15,1691,-861.29,-14.35,33.53,-871.85
BTCUSDm,3m,S41_structure_both_12_36,2154,-877.33,-14.62,31.01,-878.72
BTCUSDm,3m,S08_ema_rsi_long_9_30,2031,-948.12,-15.8,32.05,-962.06
BTCUSDm,3m,S09_ema_rsi_short_9_30,2285,-938.45,-15.91,33.17,-945.65
BTCUSDm,3m,S43_custom_both_5_30,2314,-1018.67,-16.98,31.89,-1029.94
BTCUSDm,3m,S11_ema_rsi_long_10_34,2076,-1035.24,-17.25,30.68,-1054.31
BTCUSDm,3m,S37_structure_both_8_32,2217,-1043.95,-17.4,31.48,-1047.71
BTCUSDm,3m,S12_ema_rsi_short_10_34,2340,-1045.97,-17.73,32.31,-1048.99
BTCUSDm,3m,S13_bb_rsi_both_20_2p0,2085,-1215.69,-20.26,39.47,-1220.99
BTCUSDm,3m,S39_structure_both_10_30,2264,-1235.9,-20.6,32.95,-1236.22
BTCUSDm,3m,S35_structure_both_7_28,2294,-1237.43,-20.62,34.7,-1237.79
BTCUSDm,3m,S05_ema_rsi_long_8_21,2411,-1348.92,-22.48,34.76,-1361.16
BTCUSDm,3m,S06_ema_rsi_short_8_21,2685,-1358.26,-23.02,35.9,-1360.87
BTCUSDm,3m,S33_structure_both_6_24,2335,-1493.32,-24.89,37.43,-1493.32
BTCUSDm,3m,S07_ema_rsi_both_9_30,4300,-1871.31,-31.19,32.6,-1888.26
BTCUSDm,3m,S02_ema_rsi_long_5_20,2778,-1896.08,-31.6,40.21,-1904.64
BTCUSDm,3m,S03_ema_rsi_short_5_20,3051,-1907.94,-32.34,41.49,-1909.54
BTCUSDm,3m,S10_ema_rsi_both_10_34,4410,-2075.38,-34.59,31.54,-2092.89
BTCUSDm,3m,S04_ema_rsi_both_8_21,5078,-2712.94,-45.22,35.27,-2719.21
BTCUSDm,3m,S01_ema_rsi_both_5_20,5799,-3787.08,-63.12,40.85,-3790.48
BTCUSDm,5m,S22_bb_rsi_long_40_2p8,187,-7.06,-0.13,44.39,-25.7
BTCUSDm,5m,S21_bb_rsi_both_40_2p8,340,-18.97,-0.32,41.18,-58.67
BTCUSDm,5m,S20_bb_rsi_long_30_2p6,256,-33.39,-0.58,39.84,-45.31
BTCUSDm,5m,S32_donchian_short_50,249,-54.8,-0.93,33.33,-69.57
BTCUSDm,5m,S19_bb_rsi_both_30_2p6,462,-73.29,-1.24,38.74,-84.56
BTCUSDm,5m,S30_donchian_short_40,290,-74.73,-1.27,32.41,-95.29
BTCUSDm,5m,S18_bb_rsi_long_30_2p2,496,-104.18,-1.77,39.92,-121.97
BTCUSDm,5m,S50_custom_short_12_45,477,-119.91,-2.03,31.45,-143.68
BTCUSDm,5m,S16_bb_rsi_long_20_2p4,353,-136.08,-2.31,38.53,-145.21
BTCUSDm,5m,S28_donchian_short_30,369,-151.98,-2.58,29.81,-160.6
BTCUSDm,5m,S31_donchian_both_50,481,-169.44,-2.87,29.31,-174.45
BTCUSDm,5m,S24_donchian_short_15,541,-178.71,-3.03,35.12,-191.84
BTCUSDm,5m,S26_donchian_short_20,490,-179.81,-3.05,31.84,-190.11
BTCUSDm,5m,S48_custom_short_10_40,560,-194.4,-3.29,29.82,-216.08
BTCUSDm,5m,S17_bb_rsi_both_30_2p2,882,-201.33,-3.41,38.66,-218.93
BTCUSDm,5m,S29_donchian_both_40,556,-203.78,-3.45,29.32,-206.65
BTCUSDm,5m,S49_custom_both_12_45,865,-222.23,-3.77,32.02,-246.2
BTCUSDm,5m,S42_structure_long_12_36,609,-254.88,-4.32,27.42,-259.58
BTCUSDm,5m,S14_bb_rsi_long_20_2p0,697,-261.23,-4.43,43.04,-266.49
BTCUSDm,5m,S38_structure_long_8_32,618,-271.65,-4.6,28.48,-275.48
BTCUSDm,5m,S15_bb_rsi_both_20_2p4,638,-273.73,-4.64,36.68,-285.15
BTCUSDm,5m,S40_structure_long_10_30,633,-292.75,-4.96,31.12,-292.84
BTCUSDm,5m,S46_custom_short_8_34,624,-293.48,-4.97,27.88,-310.36
BTCUSDm,5m,S44_custom_short_5_30,733,-303.86,-5.15,30.97,-324.64
BTCUSDm,5m,S36_structure_long_7_28,637,-309.93,-5.25,31.71,-309.93
BTCUSDm,5m,S27_donchian_both_30,699,-314.43,-5.33,28.61,-314.43
BTCUSDm,5m,S47_custom_both_10_40,1009,-324.2,-5.49,30.62,-346.95
BTCUSDm,5m,S25_donchian_both_20,921,-343.8,-5.83,31.27,-343.8
BTCUSDm,5m,S34_structure_long_6_24,653,-346.18,-5.87,35.53,-346.18
BTCUSDm,5m,S23_donchian_both_15,1020,-403.03,-6.83,33.53,-403.23
BTCUSDm,5m,S09_ema_rsi_short_9_30,1372,-438.32,-7.43,33.6,-446.5
BTCUSDm,5m,S08_ema_rsi_long_9_30,1163,-439.7,-7.45,32.33,-444.34
BTCUSDm,5m,S11_ema_rsi_long_10_34,1167,-452.38,-7.67,31.96,-460.04
BTCUSDm,5m,S41_structure_both_12_36,1248,-475.08,-8.05,28.69,-480.8
BTCUSDm,5m,S45_custom_both_8_34,1149,-502.84,-8.52,29.24,-521.92
BTCUSDm,5m,S13_bb_rsi_both_20_2p0,1262,-509.13,-8.63,41.76,-520.94
BTCUSDm,5m,S12_ema_rsi_short_10_34,1407,-511.36,-8.67,32.55,-519.45
BTCUSDm,5m,S37_structure_both_8_32,1271,-523.29,-8.87,29.66,-528.05
BTCUSDm,5m,S05_ema_rsi_long_8_21,1369,-534.6,-9.06,35.43,-538.09
BTCUSDm,5m,S39_structure_both_10_30,1305,-562.64,-9.54,32.41,-562.64
BTCUSDm,5m,S43_custom_both_5_30,1372,-586.55,-9.94,30.9,-599.45
BTCUSDm,5m,S35_structure_both_7_28,1316,-594.05,-10.07,33.28,-594.05
BTCUSDm,5m,S06_ema_rsi_short_8_21,1608,-604.19,-10.24,37.0,-605.18
BTCUSDm,5m,S33_structure_both_6_24,1349,-672.04,-11.39,36.99,-675.54
BTCUSDm,5m,S02_ema_rsi_long_5_20,1581,-769.83,-13.05,40.99,-773.98
BTCUSDm,5m,S03_ema_rsi_short_5_20,1825,-853.74,-14.47,42.74,-859.62
BTCUSDm,5m,S07_ema_rsi_both_9_30,2529,-880.79,-14.93,32.98,-886.6
BTCUSDm,5m,S10_ema_rsi_both_10_34,2566,-960.15,-16.27,32.31,-972.45
BTCUSDm,5m,S04_ema_rsi_both_8_21,2970,-1138.71,-19.3,36.3,-1142.14
BTCUSDm,5m,S01_ema_rsi_both_5_20,3388,-1599.16,-27.1,42.06,-1605.0
BTCXAUm,1m,S22_bb_rsi_long_40_2p8,757,-16.86,-0.26,34.21,-17.72
BTCXAUm,1m,S20_bb_rsi_long_30_2p6,1120,-22.7,-0.35,34.02,-23.95
BTCXAUm,1m,S21_bb_rsi_both_40_2p8,1482,-28.71,-0.45,35.16,-29.17
BTCXAUm,1m,S16_bb_rsi_long_20_2p4,1570,-32.52,-0.51,33.95,-33.89
BTCXAUm,1m,S19_bb_rsi_both_30_2p6,2124,-38.57,-0.6,34.46,-39.94
BTCXAUm,1m,S18_bb_rsi_long_30_2p2,2321,-45.75,-0.71,34.04,-47.19
BTCXAUm,1m,S15_bb_rsi_both_20_2p4,3040,-60.05,-0.94,34.11,-60.96
BTCXAUm,1m,S14_bb_rsi_long_20_2p0,3183,-65.75,-1.03,33.58,-67.68
BTCXAUm,1m,S17_bb_rsi_both_30_2p2,4423,-76.6,-1.2,34.14,-78.68
BTCXAUm,1m,S26_donchian_short_20,2681,-89.44,-1.4,27.45,-90.46
BTCXAUm,1m,S42_structure_long_12_36,3072,-91.45,-1.43,27.77,-92.22
BTCXAUm,1m,S40_structure_long_10_30,3097,-92.16,-1.44,27.93,-92.78
BTCXAUm,1m,S34_structure_long_6_24,3137,-92.49,-1.45,28.02,-92.96
BTCXAUm,1m,S36_structure_long_7_28,3116,-93.39,-1.46,27.89,-93.93
BTCXAUm,1m,S38_structure_long_8_32,3086,-93.87,-1.47,27.77,-94.56
BTCXAUm,1m,S13_bb_rsi_both_20_2p0,6194,-120.33,-1.88,34.07,-121.49
BTCXAUm,1m,S44_custom_short_5_30,4065,-142.78,-2.23,27.01,-143.55
BTCXAUm,1m,S25_donchian_both_20,5192,-173.41,-2.71,27.31,-174.22
BTCXAUm,1m,S39_structure_both_10_30,6207,-182.7,-2.85,28.26,-183.65
BTCXAUm,1m,S33_structure_both_6_24,6276,-184.62,-2.88,28.44,-185.6
BTCXAUm,1m,S41_structure_both_12_36,6150,-184.62,-2.88,28.13,-185.61
BTCXAUm,1m,S35_structure_both_7_28,6234,-184.67,-2.89,28.26,-185.8
BTCXAUm,1m,S37_structure_both_8_32,6180,-185.14,-2.89,28.14,-186.22
BTCXAUm,1m,S11_ema_rsi_long_10_34,7719,-226.97,-3.55,26.97,-226.97
BTCXAUm,1m,S12_ema_rsi_short_10_34,8088,-231.64,-3.62,27.99,-231.75
BTCXAUm,1m,S09_ema_rsi_short_9_30,8086,-234.5,-3.66,27.9,-234.88
BTCXAUm,1m,S08_ema_rsi_long_9_30,7747,-240.7,-3.76,26.6,-240.86
BTCXAUm,1m,S06_ema_rsi_short_8_21,9054,-263.61,-4.12,28.11,-263.73
BTCXAUm,1m,S43_custom_both_5_30,7932,-268.63,-4.2,27.45,-269.0
BTCXAUm,1m,S05_ema_rsi_long_8_21,8766,-270.85,-4.23,27.13,-270.91
BTCXAUm,1m,S03_ema_rsi_short_5_20,9862,-293.36,-4.58,28.69,-293.36
BTCXAUm,1m,S02_ema_rsi_long_5_20,9594,-299.87,-4.69,27.82,-300.28
BTCXAUm,1m,S10_ema_rsi_both_10_34,15624,-449.71,-7.03,27.57,-449.71
BTCXAUm,1m,S07_ema_rsi_both_9_30,15619,-468.76,-7.32,27.2,-468.81
BTCXAUm,1m,S04_ema_rsi_both_8_21,17514,-524.54,-8.2,27.58,-524.54
BTCXAUm,1m,S01_ema_rsi_both_5_20,18877,-572.32,-8.94,28.31,-572.43
BTCXAUm,1m,S23_donchian_both_15,0,0.0,0.0,0.0,0.0
BTCXAUm,1m,S24_donchian_short_15,0,0.0,0.0,0.0,0.0
BTCXAUm,1m,S27_donchian_both_30,0,0.0,0.0,0.0,0.0
BTCXAUm,1m,S28_donchian_short_30,0,0.0,0.0,0.0,0.0
BTCXAUm,1m,S29_donchian_both_40,0,0.0,0.0,0.0,0.0
BTCXAUm,1m,S30_donchian_short_40,0,0.0,0.0,0.0,0.0
BTCXAUm,1m,S31_donchian_both_50,0,0.0,0.0,0.0,0.0
BTCXAUm,1m,S32_donchian_short_50,0,0.0,0.0,0.0,0.0
BTCXAUm,1m,S45_custom_both_8_34,0,0.0,0.0,0.0,0.0
BTCXAUm,1m,S46_custom_short_8_34,0,0.0,0.0,0.0,0.0
BTCXAUm,1m,S47_custom_both_10_40,0,0.0,0.0,0.0,0.0
BTCXAUm,1m,S48_custom_short_10_40,0,0.0,0.0,0.0,0.0
BTCXAUm,1m,S49_custom_both_12_45,0,0.0,0.0,0.0,0.0
BTCXAUm,1m,S50_custom_short_12_45,0,0.0,0.0,0.0,0.0
BTCXAUm,3m,S22_bb_rsi_long_40_2p8,389,-4.59,-0.05,39.07,-7.21
BTCXAUm,3m,S21_bb_rsi_both_40_2p8,727,-7.94,-0.09,38.51,-12.67
BTCXAUm,3m,S20_bb_rsi_long_30_2p6,583,-12.65,-0.14,35.85,-14.38
BTCXAUm,3m,S19_bb_rsi_both_30_2p6,1047,-15.97,-0.18,36.2,-20.57
BTCXAUm,3m,S18_bb_rsi_long_30_2p2,1163,-19.19,-0.21,36.2,-22.25
BTCXAUm,3m,S16_bb_rsi_long_20_2p4,808,-20.49,-0.23,35.77,-22.58
BTCXAUm,3m,S15_bb_rsi_both_20_2p4,1488,-29.63,-0.33,36.02,-35.25
BTCXAUm,3m,S17_bb_rsi_both_30_2p2,2120,-34.65,-0.38,35.61,-39.8
BTCXAUm,3m,S14_bb_rsi_long_20_2p0,1608,-44.56,-0.49,35.2,-46.04
BTCXAUm,3m,S26_donchian_short_20,1324,-54.29,-0.6,28.25,-54.6
BTCXAUm,3m,S38_structure_long_8_32,1569,-56.22,-0.62,29.64,-57.01
BTCXAUm,3m,S42_structure_long_12_36,1550,-57.46,-0.64,29.55,-58.55
BTCXAUm,3m,S36_structure_long_7_28,1596,-60.14,-0.67,30.01,-60.52
BTCXAUm,3m,S40_structure_long_10_30,1583,-60.54,-0.67,29.75,-61.06
BTCXAUm,3m,S34_structure_long_6_24,1612,-66.73,-0.74,30.02,-66.86
BTCXAUm,3m,S13_bb_rsi_both_20_2p0,3019,-71.03,-0.78,35.71,-73.96
BTCXAUm,3m,S44_custom_short_5_30,2062,-79.73,-0.88,29.63,-79.94
BTCXAUm,3m,S25_donchian_both_20,2467,-104.07,-1.14,28.05,-104.34
BTCXAUm,3m,S37_structure_both_8_32,3176,-122.13,-1.34,29.97,-122.13
BTCXAUm,3m,S41_structure_both_12_36,3143,-124.51,-1.37,29.81,-124.78
BTCXAUm,3m,S39_structure_both_10_30,3208,-128.18,-1.41,30.05,-128.19
BTCXAUm,3m,S35_structure_both_7_28,3229,-128.46,-1.41,30.23,-128.47
BTCXAUm,3m,S33_structure_both_6_24,3262,-135.84,-1.49,30.32,-135.84
BTCXAUm,3m,S11_ema_rsi_long_10_34,3708,-147.34,-1.64,28.16,-147.44
BTCXAUm,3m,S12_ema_rsi_short_10_34,4095,-151.25,-1.66,30.55,-151.44
BTCXAUm,3m,S08_ema_rsi_long_9_30,3703,-156.81,-1.74,27.87,-156.89
BTCXAUm,3m,S09_ema_rsi_short_9_30,4108,-159.99,-1.76,30.4,-160.05
BTCXAUm,3m,S06_ema_rsi_short_8_21,4646,-170.44,-1.87,31.3,-170.51
BTCXAUm,3m,S43_custom_both_5_30,4005,-171.71,-1.89,28.96,-171.76
BTCXAUm,3m,S05_ema_rsi_long_8_21,4303,-178.53,-1.98,28.68,-178.6
BTCXAUm,3m,S03_ema_rsi_short_5_20,5138,-196.84,-2.16,32.39,-196.93
BTCXAUm,3m,S02_ema_rsi_long_5_20,4759,-200.61,-2.23,29.9,-200.7
BTCXAUm,3m,S10_ema_rsi_both_10_34,7727,-295.12,-3.24,29.43,-295.29
BTCXAUm,3m,S07_ema_rsi_both_9_30,7726,-314.97,-3.46,29.17,-315.0
BTCXAUm,3m,S04_ema_rsi_both_8_21,8820,-348.46,-3.83,29.92,-348.51
BTCXAUm,3m,S01_ema_rsi_both_5_20,9661,-392.96,-4.32,31.07,-393.04
BTCXAUm,3m,S23_donchian_both_15,0,0.0,0.0,0.0,0.0
BTCXAUm,3m,S24_donchian_short_15,0,0.0,0.0,0.0,0.0
BTCXAUm,3m,S27_donchian_both_30,0,0.0,0.0,0.0,0.0
BTCXAUm,3m,S28_donchian_short_30,0,0.0,0.0,0.0,0.0
BTCXAUm,3m,S29_donchian_both_40,0,0.0,0.0,0.0,0.0
BTCXAUm,3m,S30_donchian_short_40,0,0.0,0.0,0.0,0.0
BTCXAUm,3m,S31_donchian_both_50,0,0.0,0.0,0.0,0.0
BTCXAUm,3m,S32_donchian_short_50,0,0.0,0.0,0.0,0.0
BTCXAUm,3m,S45_custom_both_8_34,0,0.0,0.0,0.0,0.0
BTCXAUm,3m,S46_custom_short_8_34,0,0.0,0.0,0.0,0.0
BTCXAUm,3m,S47_custom_both_10_40,0,0.0,0.0,0.0,0.0
BTCXAUm,3m,S48_custom_short_10_40,0,0.0,0.0,0.0,0.0
BTCXAUm,3m,S49_custom_both_12_45,0,0.0,0.0,0.0,0.0
BTCXAUm,3m,S50_custom_short_12_45,0,0.0,0.0,0.0,0.0
BTCXAUm,5m,S21_bb_rsi_both_40_2p8,476,8.94,0.1,43.91,-4.69
BTCXAUm,5m,S19_bb_rsi_both_30_2p6,657,8.28,0.09,43.07,-5.12
BTCXAUm,5m,S20_bb_rsi_long_30_2p6,351,2.61,0.03,43.3,-3.36
BTCXAUm,5m,S22_bb_rsi_long_40_2p8,255,0.92,0.01,43.92,-3.49
BTCXAUm,5m,S18_bb_rsi_long_30_2p2,703,-6.1,-0.07,41.54,-9.56
BTCXAUm,5m,S17_bb_rsi_both_30_2p2,1269,-8.21,-0.09,41.69,-11.63
BTCXAUm,5m,S16_bb_rsi_long_20_2p4,484,-11.77,-0.13,38.64,-12.08
BTCXAUm,5m,S15_bb_rsi_both_20_2p4,900,-14.78,-0.16,40.11,-16.06
BTCXAUm,5m,S14_bb_rsi_long_20_2p0,957,-25.99,-0.29,38.66,-26.24
BTCXAUm,5m,S26_donchian_short_20,790,-32.82,-0.36,30.51,-33.19
BTCXAUm,5m,S40_structure_long_10_30,962,-40.97,-0.46,29.73,-40.97
BTCXAUm,5m,S36_structure_long_7_28,969,-41.0,-0.46,30.24,-41.11
BTCXAUm,5m,S13_bb_rsi_both_20_2p0,1772,-42.41,-0.47,39.5,-43.34
BTCXAUm,5m,S34_structure_long_6_24,975,-42.67,-0.47,30.77,-42.72
BTCXAUm,5m,S38_structure_long_8_32,953,-43.3,-0.48,29.07,-43.3
BTCXAUm,5m,S42_structure_long_12_36,945,-46.89,-0.52,28.68,-46.89
BTCXAUm,5m,S44_custom_short_5_30,1341,-50.57,-0.56,32.07,-50.73
BTCXAUm,5m,S25_donchian_both_20,1493,-72.62,-0.81,28.94,-72.94
BTCXAUm,5m,S39_structure_both_10_30,1954,-80.03,-0.89,30.25,-80.03
BTCXAUm,5m,S35_structure_both_7_28,1968,-81.94,-0.91,30.64,-81.94
BTCXAUm,5m,S37_structure_both_8_32,1938,-82.76,-0.92,29.72,-82.76
BTCXAUm,5m,S33_structure_both_6_24,1988,-82.87,-0.92,31.44,-82.87
BTCXAUm,5m,S41_structure_both_12_36,1916,-87.42,-0.97,29.49,-87.42
BTCXAUm,5m,S12_ema_rsi_short_10_34,2604,-96.29,-1.07,31.41,-96.62
BTCXAUm,5m,S11_ema_rsi_long_10_34,2265,-100.46,-1.12,29.36,-100.63
BTCXAUm,5m,S08_ema_rsi_long_9_30,2261,-102.08,-1.13,29.23,-102.24
BTCXAUm,5m,S09_ema_rsi_short_9_30,2601,-105.77,-1.18,30.95,-106.29
BTCXAUm,5m,S43_custom_both_5_30,2558,-114.45,-1.27,30.34,-114.7
BTCXAUm,5m,S06_ema_rsi_short_8_21,2993,-115.01,-1.28,32.11,-115.34
BTCXAUm,5m,S05_ema_rsi_long_8_21,2639,-119.91,-1.33,30.24,-120.11
BTCXAUm,5m,S03_ema_rsi_short_5_20,3352,-130.28,-1.45,34.28,-130.46
BTCXAUm,5m,S02_ema_rsi_long_5_20,2994,-139.59,-1.55,32.03,-139.77
BTCXAUm,5m,S10_ema_rsi_both_10_34,4829,-193.61,-2.15,30.48,-193.87
BTCXAUm,5m,S07_ema_rsi_both_9_30,4809,-204.62,-2.27,30.13,-205.07
BTCXAUm,5m,S04_ema_rsi_both_8_21,5551,-229.56,-2.55,31.36,-229.83
BTCXAUm,5m,S01_ema_rsi_both_5_20,6201,-260.57,-2.9,33.41,-260.77
BTCXAUm,5m,S23_donchian_both_15,0,0.0,0.0,0.0,0.0
BTCXAUm,5m,S24_donchian_short_15,0,0.0,0.0,0.0,0.0
BTCXAUm,5m,S27_donchian_both_30,0,0.0,0.0,0.0,0.0
BTCXAUm,5m,S28_donchian_short_30,0,0.0,0.0,0.0,0.0
BTCXAUm,5m,S29_donchian_both_40,0,0.0,0.0,0.0,0.0
BTCXAUm,5m,S30_donchian_short_40,0,0.0,0.0,0.0,0.0
BTCXAUm,5m,S31_donchian_both_50,0,0.0,0.0,0.0,0.0
BTCXAUm,5m,S32_donchian_short_50,0,0.0,0.0,0.0,0.0
BTCXAUm,5m,S45_custom_both_8_34,0,0.0,0.0,0.0,0.0
BTCXAUm,5m,S46_custom_short_8_34,0,0.0,0.0,0.0,0.0
BTCXAUm,5m,S47_custom_both_10_40,0,0.0,0.0,0.0,0.0
BTCXAUm,5m,S48_custom_short_10_40,0,0.0,0.0,0.0,0.0
BTCXAUm,5m,S49_custom_both_12_45,0,0.0,0.0,0.0,0.0
BTCXAUm,5m,S50_custom_short_12_45,0,0.0,0.0,0.0,0.0
ETHUSDm,1m,S22_bb_rsi_long_40_2p8,959,-326.76,-5.19,36.18,-333.66
ETHUSDm,1m,S20_bb_rsi_long_30_2p6,1321,-493.51,-7.83,38.38,-499.26
ETHUSDm,1m,S21_bb_rsi_both_40_2p8,1730,-605.65,-9.61,36.47,-608.86
ETHUSDm,1m,S16_bb_rsi_long_20_2p4,1779,-917.31,-14.56,41.93,-922.56
ETHUSDm,1m,S19_bb_rsi_both_30_2p6,2475,-926.89,-14.71,37.21,-930.6
ETHUSDm,1m,S18_bb_rsi_long_30_2p2,2585,-1025.66,-16.28,39.03,-1037.62
ETHUSDm,1m,S15_bb_rsi_both_20_2p4,3356,-1839.83,-29.2,41.09,-1841.83
ETHUSDm,1m,S17_bb_rsi_both_30_2p2,4818,-1985.31,-31.51,38.11,-1992.88
ETHUSDm,1m,S14_bb_rsi_long_20_2p0,3503,-2395.92,-38.03,43.96,-2400.14
ETHUSDm,1m,S42_structure_long_12_36,3793,-2802.31,-44.48,28.55,-2809.51
ETHUSDm,1m,S26_donchian_short_20,3240,-2948.46,-46.8,28.15,-2948.46
ETHUSDm,1m,S38_structure_long_8_32,3861,-3176.94,-50.43,29.84,-3187.78
ETHUSDm,1m,S40_structure_long_10_30,3944,-3598.44,-57.12,31.77,-3603.64
ETHUSDm,1m,S36_structure_long_7_28,3964,-3661.61,-58.12,33.12,-3665.81
ETHUSDm,1m,S34_structure_long_6_24,4028,-4272.16,-67.81,35.33,-4274.3
ETHUSDm,1m,S44_custom_short_5_30,5628,-4590.1,-72.86,30.12,-4590.1
ETHUSDm,1m,S13_bb_rsi_both_20_2p0,6605,-4610.28,-73.18,43.54,-4614.5
ETHUSDm,1m,S41_structure_both_12_36,7412,-5362.37,-85.12,29.14,-5370.47
ETHUSDm,1m,S25_donchian_both_20,6158,-5794.19,-91.97,27.88,-5800.33
ETHUSDm,1m,S37_structure_both_8_32,7574,-6066.82,-96.3,30.55,-6074.74
ETHUSDm,1m,S39_structure_both_10_30,7759,-6961.12,-110.49,32.29,-6968.33
ETHUSDm,1m,S35_structure_both_7_28,7805,-7091.23,-112.56,33.72,-7097.04
ETHUSDm,1m,S09_ema_rsi_short_9_30,9919,-7574.74,-120.23,31.32,-7574.74
ETHUSDm,1m,S08_ema_rsi_long_9_30,9593,-8120.49,-128.9,29.25,-8120.49
ETHUSDm,1m,S33_structure_both_6_24,7944,-8256.83,-131.06,35.91,-8258.97
ETHUSDm,1m,S12_ema_rsi_short_10_34,10154,-8311.14,-131.92,30.07,-8311.14
ETHUSDm,1m,S11_ema_rsi_long_10_34,9716,-8669.12,-137.61,28.57,-8669.12
ETHUSDm,1m,S43_custom_both_5_30,10867,-9428.37,-149.66,29.26,-9428.97
ETHUSDm,1m,S06_ema_rsi_short_8_21,11933,-10526.75,-167.09,34.12,-10526.75
ETHUSDm,1m,S05_ema_rsi_long_8_21,11410,-10809.02,-171.57,32.37,-10811.94
ETHUSDm,1m,S03_ema_rsi_short_5_20,13928,-14675.25,-232.94,37.77,-14675.25
ETHUSDm,1m,S02_ema_rsi_long_5_20,13488,-14832.5,-235.44,36.16,-14832.5
ETHUSDm,1m,S07_ema_rsi_both_9_30,19393,-15598.3,-247.59,30.34,-15598.3
ETHUSDm,1m,S10_ema_rsi_both_10_34,19785,-16921.98,-268.6,29.32,-16921.98
ETHUSDm,1m,S04_ema_rsi_both_8_21,23175,-21241.08,-337.16,33.23,-21241.08
ETHUSDm,1m,S01_ema_rsi_both_5_20,27067,-29120.59,-462.23,36.95,-29120.59
ETHUSDm,1m,S23_donchian_both_15,0,0.0,0.0,0.0,0.0
ETHUSDm,1m,S24_donchian_short_15,0,0.0,0.0,0.0,0.0
ETHUSDm,1m,S27_donchian_both_30,0,0.0,0.0,0.0,0.0
ETHUSDm,1m,S28_donchian_short_30,0,0.0,0.0,0.0,0.0
ETHUSDm,1m,S29_donchian_both_40,0,0.0,0.0,0.0,0.0
ETHUSDm,1m,S30_donchian_short_40,0,0.0,0.0,0.0,0.0
ETHUSDm,1m,S31_donchian_both_50,0,0.0,0.0,0.0,0.0
ETHUSDm,1m,S32_donchian_short_50,0,0.0,0.0,0.0,0.0
ETHUSDm,1m,S45_custom_both_8_34,0,0.0,0.0,0.0,0.0
ETHUSDm,1m,S46_custom_short_8_34,0,0.0,0.0,0.0,0.0
ETHUSDm,1m,S47_custom_both_10_40,0,0.0,0.0,0.0,0.0
ETHUSDm,1m,S48_custom_short_10_40,0,0.0,0.0,0.0,0.0
ETHUSDm,1m,S49_custom_both_12_45,0,0.0,0.0,0.0,0.0
ETHUSDm,1m,S50_custom_short_12_45,0,0.0,0.0,0.0,0.0
ETHUSDm,3m,S22_bb_rsi_long_40_2p8,518,-127.84,-1.47,37.84,-135.78
ETHUSDm,3m,S20_bb_rsi_long_30_2p6,691,-190.38,-2.14,36.61,-199.72
ETHUSDm,3m,S21_bb_rsi_both_40_2p8,898,-203.09,-2.26,39.31,-204.23
ETHUSDm,3m,S19_bb_rsi_both_30_2p6,1204,-294.34,-3.27,38.04,-299.63
ETHUSDm,3m,S16_bb_rsi_long_20_2p4,926,-352.4,-3.87,40.71,-358.08
ETHUSDm,3m,S18_bb_rsi_long_30_2p2,1283,-398.91,-4.38,37.88,-405.61
ETHUSDm,3m,S15_bb_rsi_both_20_2p4,1638,-578.35,-6.36,41.09,-581.75
ETHUSDm,3m,S17_bb_rsi_both_30_2p2,2273,-644.45,-7.08,38.45,-648.49
ETHUSDm,3m,S14_bb_rsi_long_20_2p0,1756,-740.9,-8.14,44.31,-744.21
ETHUSDm,3m,S26_donchian_short_20,1443,-806.91,-8.87,31.05,-810.53
ETHUSDm,3m,S42_structure_long_12_36,1863,-1011.85,-11.24,29.36,-1013.54
ETHUSDm,3m,S38_structure_long_8_32,1900,-1131.75,-12.57,29.95,-1133.47
ETHUSDm,3m,S44_custom_short_5_30,2582,-1299.39,-14.28,31.33,-1305.38
ETHUSDm,3m,S13_bb_rsi_both_20_2p0,3181,-1300.11,-14.29,44.64,-1301.62
ETHUSDm,3m,S40_structure_long_10_30,1940,-1296.91,-14.41,31.29,-1299.82
ETHUSDm,3m,S36_structure_long_7_28,1948,-1346.1,-14.96,32.29,-1350.28
ETHUSDm,3m,S34_structure_long_6_24,1995,-1564.18,-17.38,35.34,-1568.62
ETHUSDm,3m,S25_donchian_both_20,2672,-1601.76,-17.6,30.01,-1611.59
ETHUSDm,3m,S41_structure_both_12_36,3629,-1766.98,-19.42,30.92,-1766.98
ETHUSDm,3m,S37_structure_both_8_32,3714,-2006.62,-22.05,31.53,-2006.62
ETHUSDm,3m,S09_ema_rsi_short_9_30,4588,-2246.72,-24.69,33.04,-2251.37
ETHUSDm,3m,S39_structure_both_10_30,3798,-2331.88,-25.63,32.94,-2331.88
ETHUSDm,3m,S12_ema_rsi_short_10_34,4682,-2386.8,-26.23,32.02,-2390.78
ETHUSDm,3m,S35_structure_both_7_28,3824,-2443.82,-26.86,33.92,-2446.44
ETHUSDm,3m,S08_ema_rsi_long_9_30,4373,-2460.65,-27.34,30.51,-2486.59
ETHUSDm,3m,S11_ema_rsi_long_10_34,4484,-2683.83,-29.82,29.97,-2705.38
ETHUSDm,3m,S33_structure_both_6_24,3916,-2839.93,-31.21,36.7,-2839.93
ETHUSDm,3m,S43_custom_both_5_30,5042,-2898.53,-31.85,30.31,-2912.13
ETHUSDm,3m,S06_ema_rsi_short_8_21,5549,-3044.85,-33.46,35.86,-3046.12
ETHUSDm,3m,S05_ema_rsi_long_8_21,5351,-3371.74,-37.46,33.86,-3389.23
ETHUSDm,3m,S03_ema_rsi_short_5_20,6508,-4358.9,-47.9,40.21,-4360.44
ETHUSDm,3m,S07_ema_rsi_both_9_30,8913,-4680.7,-51.44,31.82,-4704.1
ETHUSDm,3m,S02_ema_rsi_long_5_20,6293,-4685.73,-52.06,38.6,-4697.48
ETHUSDm,3m,S10_ema_rsi_both_10_34,9127,-5042.19,-55.41,31.03,-5060.68
ETHUSDm,3m,S04_ema_rsi_both_8_21,10829,-6415.89,-70.5,34.79,-6427.11
ETHUSDm,3m,S01_ema_rsi_both_5_20,12645,-8993.84,-98.83,39.21,-8999.96
ETHUSDm,3m,S23_donchian_both_15,0,0.0,0.0,0.0,0.0
ETHUSDm,3m,S24_donchian_short_15,0,0.0,0.0,0.0,0.0
ETHUSDm,3m,S27_donchian_both_30,0,0.0,0.0,0.0,0.0
ETHUSDm,3m,S28_donchian_short_30,0,0.0,0.0,0.0,0.0
ETHUSDm,3m,S29_donchian_both_40,0,0.0,0.0,0.0,0.0
ETHUSDm,3m,S30_donchian_short_40,0,0.0,0.0,0.0,0.0
ETHUSDm,3m,S31_donchian_both_50,0,0.0,0.0,0.0,0.0
ETHUSDm,3m,S32_donchian_short_50,0,0.0,0.0,0.0,0.0
ETHUSDm,3m,S45_custom_both_8_34,0,0.0,0.0,0.0,0.0
ETHUSDm,3m,S46_custom_short_8_34,0,0.0,0.0,0.0,0.0
ETHUSDm,3m,S47_custom_both_10_40,0,0.0,0.0,0.0,0.0
ETHUSDm,3m,S48_custom_short_10_40,0,0.0,0.0,0.0,0.0
ETHUSDm,3m,S49_custom_both_12_45,0,0.0,0.0,0.0,0.0
ETHUSDm,3m,S50_custom_short_12_45,0,0.0,0.0,0.0,0.0
ETHUSDm,5m,S22_bb_rsi_long_40_2p8,317,-51.78,-0.62,40.38,-69.65
ETHUSDm,5m,S21_bb_rsi_both_40_2p8,560,-56.38,-0.63,41.61,-78.11
ETHUSDm,5m,S20_bb_rsi_long_30_2p6,400,-92.13,-1.04,36.5,-103.37
ETHUSDm,5m,S19_bb_rsi_both_30_2p6,733,-126.5,-1.41,39.15,-138.46
ETHUSDm,5m,S18_bb_rsi_long_30_2p2,748,-126.4,-1.42,40.78,-131.98
ETHUSDm,5m,S16_bb_rsi_long_20_2p4,559,-186.44,-2.07,38.64,-189.74
ETHUSDm,5m,S17_bb_rsi_both_30_2p2,1358,-246.02,-2.73,39.91,-251.56
ETHUSDm,5m,S15_bb_rsi_both_20_2p4,1004,-319.47,-3.55,39.14,-326.9
ETHUSDm,5m,S26_donchian_short_20,811,-323.26,-3.59,30.7,-328.37
ETHUSDm,5m,S14_bb_rsi_long_20_2p0,1057,-350.41,-3.89,43.24,-357.48
ETHUSDm,5m,S42_structure_long_12_36,1074,-448.06,-4.98,29.98,-448.06
ETHUSDm,5m,S38_structure_long_8_32,1099,-499.95,-5.55,30.66,-502.31
ETHUSDm,5m,S40_structure_long_10_30,1123,-565.14,-6.28,32.32,-567.07
ETHUSDm,5m,S36_structure_long_7_28,1133,-600.17,-6.67,33.1,-601.91
ETHUSDm,5m,S44_custom_short_5_30,1569,-629.07,-6.99,31.55,-635.8
ETHUSDm,5m,S13_bb_rsi_both_20_2p0,1930,-645.56,-7.17,43.21,-650.29
ETHUSDm,5m,S34_structure_long_6_24,1163,-721.72,-8.02,35.6,-723.15
ETHUSDm,5m,S25_donchian_both_20,1548,-738.91,-8.21,29.72,-748.16
ETHUSDm,5m,S41_structure_both_12_36,2161,-761.98,-8.47,32.02,-767.2
ETHUSDm,5m,S37_structure_both_8_32,2213,-876.23,-9.74,32.54,-884.79
ETHUSDm,5m,S09_ema_rsi_short_9_30,2741,-985.32,-10.95,33.86,-988.69
ETHUSDm,5m,S39_structure_both_10_30,2271,-998.22,-11.09,33.95,-1003.15
ETHUSDm,5m,S12_ema_rsi_short_10_34,2791,-1022.29,-11.36,33.18,-1026.46
ETHUSDm,5m,S35_structure_both_7_28,2287,-1067.42,-11.86,34.89,-1070.75
ETHUSDm,5m,S08_ema_rsi_long_9_30,2545,-1073.18,-11.92,31.98,-1090.51
ETHUSDm,5m,S11_ema_rsi_long_10_34,2600,-1210.17,-13.45,30.38,-1221.89
ETHUSDm,5m,S33_structure_both_6_24,2346,-1255.44,-13.95,37.68,-1258.32
ETHUSDm,5m,S43_custom_both_5_30,3017,-1263.39,-14.04,31.39,-1292.47
ETHUSDm,5m,S05_ema_rsi_long_8_21,3055,-1428.62,-15.87,34.73,-1446.3
ETHUSDm,5m,S06_ema_rsi_short_8_21,3324,-1456.13,-16.18,36.16,-1456.94
ETHUSDm,5m,S03_ema_rsi_short_5_20,3914,-2044.81,-22.72,41.21,-2047.21
ETHUSDm,5m,S07_ema_rsi_both_9_30,5255,-2070.31,-23.0,32.84,-2080.75
ETHUSDm,5m,S02_ema_rsi_long_5_20,3698,-2104.2,-23.38,39.81,-2111.04
ETHUSDm,5m,S10_ema_rsi_both_10_34,5370,-2243.9,-24.93,31.75,-2251.84
ETHUSDm,5m,S04_ema_rsi_both_8_21,6334,-2887.52,-32.08,35.36,-2889.15
ETHUSDm,5m,S01_ema_rsi_both_5_20,7523,-4118.09,-45.76,40.5,-4125.64
ETHUSDm,5m,S23_donchian_both_15,0,0.0,0.0,0.0,0.0
ETHUSDm,5m,S24_donchian_short_15,0,0.0,0.0,0.0,0.0
ETHUSDm,5m,S27_donchian_both_30,0,0.0,0.0,0.0,0.0
ETHUSDm,5m,S28_donchian_short_30,0,0.0,0.0,0.0,0.0
ETHUSDm,5m,S29_donchian_both_40,0,0.0,0.0,0.0,0.0
ETHUSDm,5m,S30_donchian_short_40,0,0.0,0.0,0.0,0.0
ETHUSDm,5m,S31_donchian_both_50,0,0.0,0.0,0.0,0.0
ETHUSDm,5m,S32_donchian_short_50,0,0.0,0.0,0.0,0.0
ETHUSDm,5m,S45_custom_both_8_34,0,0.0,0.0,0.0,0.0
ETHUSDm,5m,S46_custom_short_8_34,0,0.0,0.0,0.0,0.0
ETHUSDm,5m,S47_custom_both_10_40,0,0.0,0.0,0.0,0.0
ETHUSDm,5m,S48_custom_short_10_40,0,0.0,0.0,0.0,0.0
ETHUSDm,5m,S49_custom_both_12_45,0,0.0,0.0,0.0,0.0
ETHUSDm,5m,S50_custom_short_12_45,0,0.0,0.0,0.0,0.0
USDJPYm,1m,S22_bb_rsi_long_40_2p8,736,-206.1,-2.82,13.86,-206.1
USDJPYm,1m,S20_bb_rsi_long_30_2p6,1086,-317.43,-4.18,15.01,-317.43
USDJPYm,1m,S21_bb_rsi_both_40_2p8,1307,-391.82,-5.16,12.01,-391.82
USDJPYm,1m,S16_bb_rsi_long_20_2p4,1528,-454.29,-5.82,3.08,-454.29
USDJPYm,1m,S19_bb_rsi_both_30_2p6,1942,-592.63,-7.7,12.77,-592.63
USDJPYm,1m,S18_bb_rsi_long_30_2p2,2251,-663.42,-8.62,5.11,-663.42
USDJPYm,1m,S26_donchian_short_20,2612,-836.96,-10.73,11.33,-836.96
USDJPYm,1m,S15_bb_rsi_both_20_2p4,2797,-858.21,-11.0,2.11,-858.21
USDJPYm,1m,S14_bb_rsi_long_20_2p0,3216,-965.77,-12.38,1.52,-965.77
USDJPYm,1m,S44_custom_short_5_30,4131,-1296.65,-16.62,13.51,-1296.65
USDJPYm,1m,S42_structure_long_12_36,4179,-1320.73,-16.93,10.1,-1320.73
USDJPYm,1m,S38_structure_long_8_32,4222,-1335.88,-17.13,11.49,-1335.88
USDJPYm,1m,S17_bb_rsi_both_30_2p2,4395,-1338.37,-17.16,3.87,-1338.37
USDJPYm,1m,S40_structure_long_10_30,4275,-1353.12,-17.35,13.05,-1353.12
USDJPYm,1m,S36_structure_long_7_28,4313,-1367.85,-17.54,14.63,-1367.85
USDJPYm,1m,S34_structure_long_6_24,4370,-1387.9,-17.79,1.01,-1387.9
USDJPYm,1m,S25_donchian_both_20,5498,-1733.0,-22.22,10.69,-1733.0
USDJPYm,1m,S13_bb_rsi_both_20_2p0,6363,-1953.38,-25.04,0.99,-1953.38
USDJPYm,1m,S12_ema_rsi_short_10_34,7785,-2434.05,-31.21,11.56,-2434.05
USDJPYm,1m,S09_ema_rsi_short_9_30,7886,-2489.75,-31.92,14.22,-2489.75
USDJPYm,1m,S41_structure_both_12_36,7868,-2490.42,-31.93,10.71,-2490.42
USDJPYm,1m,S37_structure_both_8_32,7951,-2518.47,-32.29,12.24,-2518.47
USDJPYm,1m,S39_structure_both_10_30,8044,-2545.93,-32.64,14.06,-2545.93
USDJPYm,1m,S35_structure_both_7_28,8127,-2577.28,-33.04,15.71,-2577.28
USDJPYm,1m,S33_structure_both_6_24,8228,-2611.05,-33.47,1.15,-2611.05
USDJPYm,1m,S43_custom_both_5_30,8429,-2623.88,-33.64,12.33,-2623.88
USDJPYm,1m,S11_ema_rsi_long_10_34,8488,-2603.46,-33.81,8.91,-2603.46
USDJPYm,1m,S08_ema_rsi_long_9_30,8499,-2615.83,-33.97,11.35,-2615.83
USDJPYm,1m,S06_ema_rsi_short_8_21,9093,-2866.39,-36.75,2.91,-2866.39
USDJPYm,1m,S05_ema_rsi_long_8_21,9801,-3037.08,-39.44,1.49,-3037.08
USDJPYm,1m,S03_ema_rsi_short_5_20,10200,-3238.71,-41.52,1.27,-3238.71
USDJPYm,1m,S02_ema_rsi_long_5_20,10890,-3396.97,-43.55,0.59,-3396.97
USDJPYm,1m,S10_ema_rsi_both_10_34,16162,-5007.94,-64.2,10.17,-5007.94
USDJPYm,1m,S07_ema_rsi_both_9_30,16218,-5057.97,-64.85,12.74,-5057.97
USDJPYm,1m,S04_ema_rsi_both_8_21,18627,-5825.46,-74.69,2.17,-5825.46
USDJPYm,1m,S01_ema_rsi_both_5_20,20623,-6494.79,-83.27,0.94,-6494.79
USDJPYm,1m,S23_donchian_both_15,0,0.0,0.0,0.0,0.0
USDJPYm,1m,S24_donchian_short_15,0,0.0,0.0,0.0,0.0
USDJPYm,1m,S27_donchian_both_30,0,0.0,0.0,0.0,0.0
USDJPYm,1m,S28_donchian_short_30,0,0.0,0.0,0.0,0.0
USDJPYm,1m,S29_donchian_both_40,0,0.0,0.0,0.0,0.0
USDJPYm,1m,S30_donchian_short_40,0,0.0,0.0,0.0,0.0
USDJPYm,1m,S31_donchian_both_50,0,0.0,0.0,0.0,0.0
USDJPYm,1m,S32_donchian_short_50,0,0.0,0.0,0.0,0.0
USDJPYm,1m,S45_custom_both_8_34,0,0.0,0.0,0.0,0.0
USDJPYm,1m,S46_custom_short_8_34,0,0.0,0.0,0.0,0.0
USDJPYm,1m,S47_custom_both_10_40,0,0.0,0.0,0.0,0.0
USDJPYm,1m,S48_custom_short_10_40,0,0.0,0.0,0.0,0.0
USDJPYm,1m,S49_custom_both_12_45,0,0.0,0.0,0.0,0.0
USDJPYm,1m,S50_custom_short_12_45,0,0.0,0.0,0.0,0.0
USDJPYm,3m,S22_bb_rsi_long_40_2p8,251,-60.83,-0.89,21.51,-60.83
USDJPYm,3m,S20_bb_rsi_long_30_2p6,357,-92.45,-1.34,23.53,-92.66
USDJPYm,3m,S21_bb_rsi_both_40_2p8,438,-125.4,-1.67,17.35,-125.58
USDJPYm,3m,S16_bb_rsi_long_20_2p4,516,-138.85,-1.96,16.67,-139.0
USDJPYm,3m,S19_bb_rsi_both_30_2p6,625,-183.68,-2.45,19.36,-183.99
USDJPYm,3m,S18_bb_rsi_long_30_2p2,761,-198.46,-2.76,23.26,-198.98
USDJPYm,3m,S15_bb_rsi_both_20_2p4,963,-286.85,-3.77,13.29,-287.03
USDJPYm,3m,S26_donchian_short_20,954,-314.74,-4.37,21.38,-314.74
USDJPYm,3m,S14_bb_rsi_long_20_2p0,1109,-324.14,-4.44,10.19,-324.2
USDJPYm,3m,S17_bb_rsi_both_30_2p2,1460,-430.23,-5.66,17.47,-430.81
USDJPYm,3m,S42_structure_long_12_36,1572,-490.24,-6.54,18.89,-490.24
USDJPYm,3m,S38_structure_long_8_32,1614,-503.6,-6.71,21.56,-503.6
USDJPYm,3m,S40_structure_long_10_30,1657,-511.2,-6.82,25.65,-511.2
USDJPYm,3m,S36_structure_long_7_28,1675,-521.1,-6.95,27.52,-521.1
USDJPYm,3m,S44_custom_short_5_30,1595,-516.47,-6.98,22.57,-516.6
USDJPYm,3m,S34_structure_long_6_24,1723,-535.78,-7.14,9.46,-535.78
USDJPYm,3m,S25_donchian_both_20,2048,-639.31,-8.3,22.27,-639.47
USDJPYm,3m,S13_bb_rsi_both_20_2p0,2200,-675.32,-8.89,8.09,-675.32
USDJPYm,3m,S41_structure_both_12_36,2904,-908.27,-11.8,19.46,-908.27
USDJPYm,3m,S37_structure_both_8_32,2983,-934.25,-12.13,22.16,-934.25
USDJPYm,3m,S09_ema_rsi_short_9_30,2876,-927.11,-12.36,23.23,-927.14
USDJPYm,3m,S12_ema_rsi_short_10_34,2874,-902.95,-12.37,21.29,-903.04
USDJPYm,3m,S39_structure_both_10_30,3061,-953.25,-12.38,25.94,-953.25
USDJPYm,3m,S35_structure_both_7_28,3090,-965.47,-12.54,27.99,-965.47
USDJPYm,3m,S08_ema_rsi_long_9_30,3130,-955.64,-12.57,22.43,-955.64
USDJPYm,3m,S11_ema_rsi_long_10_34,3166,-964.0,-12.68,19.58,-964.0
USDJPYm,3m,S33_structure_both_6_24,3180,-994.98,-12.92,10.41,-994.98
USDJPYm,3m,S43_custom_both_5_30,3239,-1003.13,-13.03,23.09,-1003.39
USDJPYm,3m,S06_ema_rsi_short_8_21,3463,-1109.82,-14.8,15.28,-1109.82
USDJPYm,3m,S05_ema_rsi_long_8_21,3749,-1171.26,-15.21,11.39,-1171.26
USDJPYm,3m,S03_ema_rsi_short_5_20,4017,-1309.29,-17.23,8.61,-1309.29
USDJPYm,3m,S02_ema_rsi_long_5_20,4349,-1364.66,-17.72,4.81,-1364.66
USDJPYm,3m,S10_ema_rsi_both_10_34,6001,-1852.0,-24.05,20.45,-1852.0
USDJPYm,3m,S07_ema_rsi_both_9_30,5954,-1861.13,-24.17,22.89,-1861.13
USDJPYm,3m,S04_ema_rsi_both_8_21,7131,-2253.34,-29.26,13.31,-2253.34
USDJPYm,3m,S01_ema_rsi_both_5_20,8244,-2628.94,-34.14,6.67,-2628.94
USDJPYm,3m,S23_donchian_both_15,0,0.0,0.0,0.0,0.0
USDJPYm,3m,S24_donchian_short_15,0,0.0,0.0,0.0,0.0
USDJPYm,3m,S27_donchian_both_30,0,0.0,0.0,0.0,0.0
USDJPYm,3m,S28_donchian_short_30,0,0.0,0.0,0.0,0.0
USDJPYm,3m,S29_donchian_both_40,0,0.0,0.0,0.0,0.0
USDJPYm,3m,S30_donchian_short_40,0,0.0,0.0,0.0,0.0
USDJPYm,3m,S31_donchian_both_50,0,0.0,0.0,0.0,0.0
USDJPYm,3m,S32_donchian_short_50,0,0.0,0.0,0.0,0.0
USDJPYm,3m,S45_custom_both_8_34,0,0.0,0.0,0.0,0.0
USDJPYm,3m,S46_custom_short_8_34,0,0.0,0.0,0.0,0.0
USDJPYm,3m,S47_custom_both_10_40,0,0.0,0.0,0.0,0.0
USDJPYm,3m,S48_custom_short_10_40,0,0.0,0.0,0.0,0.0
USDJPYm,3m,S49_custom_both_12_45,0,0.0,0.0,0.0,0.0
USDJPYm,3m,S50_custom_short_12_45,0,0.0,0.0,0.0,0.0
USDJPYm,5m,S22_bb_rsi_long_40_2p8,148,-24.84,-0.41,29.05,-26.25
USDJPYm,5m,S20_bb_rsi_long_30_2p6,219,-42.27,-0.63,30.59,-43.23
USDJPYm,5m,S21_bb_rsi_both_40_2p8,293,-70.41,-0.96,22.18,-70.41
USDJPYm,5m,S16_bb_rsi_long_20_2p4,334,-84.47,-1.22,26.35,-84.47
USDJPYm,5m,S19_bb_rsi_both_30_2p6,414,-97.71,-1.29,25.85,-97.71
USDJPYm,5m,S18_bb_rsi_long_30_2p2,436,-103.28,-1.48,30.96,-104.08
USDJPYm,5m,S15_bb_rsi_both_20_2p4,587,-165.41,-2.18,22.32,-165.48
USDJPYm,5m,S14_bb_rsi_long_20_2p0,656,-187.53,-2.64,19.21,-187.53
USDJPYm,5m,S26_donchian_short_20,575,-203.38,-2.91,22.78,-203.38
USDJPYm,5m,S17_bb_rsi_both_30_2p2,916,-256.68,-3.38,25.0,-257.68
USDJPYm,5m,S42_structure_long_12_36,938,-276.09,-3.83,21.86,-276.09
USDJPYm,5m,S38_structure_long_8_32,981,-289.03,-3.96,25.69,-289.03
USDJPYm,5m,S40_structure_long_10_30,1023,-307.45,-4.21,29.62,-307.45
USDJPYm,5m,S36_structure_long_7_28,1037,-312.02,-4.27,31.73,-312.02
USDJPYm,5m,S44_custom_short_5_30,984,-311.69,-4.33,27.03,-311.69
USDJPYm,5m,S34_structure_long_6_24,1074,-327.96,-4.49,20.3,-328.01
USDJPYm,5m,S25_donchian_both_20,1256,-399.31,-5.25,23.89,-399.31
USDJPYm,5m,S13_bb_rsi_both_20_2p0,1327,-420.86,-5.54,15.0,-420.86
USDJPYm,5m,S41_structure_both_12_36,1754,-529.17,-7.06,22.75,-529.32
USDJPYm,5m,S37_structure_both_8_32,1818,-552.88,-7.37,25.85,-552.97
USDJPYm,5m,S09_ema_rsi_short_9_30,1747,-569.43,-7.8,25.3,-569.94
USDJPYm,5m,S39_structure_both_10_30,1893,-589.57,-7.86,29.32,-589.61
USDJPYm,5m,S12_ema_rsi_short_10_34,1740,-579.0,-7.93,21.78,-579.62
USDJPYm,5m,S35_structure_both_7_28,1920,-601.06,-8.01,31.41,-601.08
USDJPYm,5m,S08_ema_rsi_long_9_30,1968,-597.31,-8.07,25.36,-597.31
USDJPYm,5m,S33_structure_both_6_24,1988,-627.95,-8.37,19.82,-628.06
USDJPYm,5m,S11_ema_rsi_long_10_34,2004,-616.84,-8.45,22.31,-616.84
USDJPYm,5m,S43_custom_both_5_30,2071,-643.78,-8.47,26.12,-643.78
USDJPYm,5m,S06_ema_rsi_short_8_21,2120,-699.02,-9.58,23.4,-699.12
USDJPYm,5m,S05_ema_rsi_long_8_21,2334,-724.1,-9.79,22.15,-724.1
USDJPYm,5m,S03_ema_rsi_short_5_20,2518,-831.42,-11.24,17.12,-831.42
USDJPYm,5m,S02_ema_rsi_long_5_20,2728,-863.68,-11.67,13.56,-863.68
USDJPYm,5m,S07_ema_rsi_both_9_30,3695,-1159.55,-15.26,25.3,-1160.07
USDJPYm,5m,S10_ema_rsi_both_10_34,3728,-1190.88,-15.67,22.0,-1191.5
USDJPYm,5m,S04_ema_rsi_both_8_21,4425,-1417.24,-18.65,22.73,-1417.35
USDJPYm,5m,S01_ema_rsi_both_5_20,5176,-1672.44,-22.01,15.34,-1672.44
USDJPYm,5m,S23_donchian_both_15,0,0.0,0.0,0.0,0.0
USDJPYm,5m,S24_donchian_short_15,0,0.0,0.0,0.0,0.0
USDJPYm,5m,S27_donchian_both_30,0,0.0,0.0,0.0,0.0
USDJPYm,5m,S28_donchian_short_30,0,0.0,0.0,0.0,0.0
USDJPYm,5m,S29_donchian_both_40,0,0.0,0.0,0.0,0.0
USDJPYm,5m,S30_donchian_short_40,0,0.0,0.0,0.0,0.0
USDJPYm,5m,S31_donchian_both_50,0,0.0,0.0,0.0,0.0
USDJPYm,5m,S32_donchian_short_50,0,0.0,0.0,0.0,0.0
USDJPYm,5m,S45_custom_both_8_34,0,0.0,0.0,0.0,0.0
USDJPYm,5m,S46_custom_short_8_34,0,0.0,0.0,0.0,0.0
USDJPYm,5m,S47_custom_both_10_40,0,0.0,0.0,0.0,0.0
USDJPYm,5m,S48_custom_short_10_40,0,0.0,0.0,0.0,0.0
USDJPYm,5m,S49_custom_both_12_45,0,0.0,0.0,0.0,0.0
USDJPYm,5m,S50_custom_short_12_45,0,0.0,0.0,0.0,0.0
USOILm,1m,S22_bb_rsi_long_40_2p8,766,-64.54,-0.91,35.51,-69.08
USOILm,1m,S20_bb_rsi_long_30_2p6,1104,-118.68,-1.65,34.06,-125.42
USOILm,1m,S16_bb_rsi_long_20_2p4,1518,-167.88,-2.18,36.17,-171.52
USOILm,1m,S21_bb_rsi_both_40_2p8,1477,-183.14,-2.35,32.3,-187.68
USOILm,1m,S18_bb_rsi_long_30_2p2,2160,-246.65,-3.2,34.07,-248.57
USOILm,1m,S19_bb_rsi_both_30_2p6,2137,-320.1,-4.1,30.6,-324.25
USOILm,1m,S14_bb_rsi_long_20_2p0,3091,-374.95,-4.81,38.63,-374.95
USOILm,1m,S15_bb_rsi_both_20_2p4,2935,-404.86,-5.19,33.39,-408.5
USOILm,1m,S40_structure_long_10_30,3625,-452.16,-5.95,31.48,-452.16
USOILm,1m,S42_structure_long_12_36,3468,-453.88,-5.97,29.3,-453.88
USOILm,1m,S36_structure_long_7_28,3667,-454.14,-5.98,32.78,-454.14
USOILm,1m,S38_structure_long_8_32,3541,-462.02,-6.08,29.96,-462.02
USOILm,1m,S34_structure_long_6_24,3743,-480.78,-6.33,35.56,-480.78
USOILm,1m,S26_donchian_short_20,2653,-487.87,-6.34,24.92,-487.87
USOILm,1m,S17_bb_rsi_both_30_2p2,4435,-639.2,-8.19,30.94,-640.26
USOILm,1m,S44_custom_short_5_30,4633,-689.29,-8.95,26.51,-689.95
USOILm,1m,S25_donchian_both_20,5776,-885.05,-11.35,26.9,-885.05
USOILm,1m,S13_bb_rsi_both_20_2p0,6347,-885.06,-11.35,36.51,-885.67
USOILm,1m,S41_structure_both_12_36,6528,-927.82,-12.05,27.63,-927.82
USOILm,1m,S37_structure_both_8_32,6661,-961.82,-12.49,28.34,-961.82
USOILm,1m,S39_structure_both_10_30,6803,-970.73,-12.61,29.78,-970.73
USOILm,1m,S35_structure_both_7_28,6876,-984.77,-12.79,30.93,-984.77
USOILm,1m,S33_structure_both_6_24,7014,-1020.91,-13.26,33.89,-1020.91
USOILm,1m,S12_ema_rsi_short_10_34,8087,-1131.63,-14.89,26.93,-1132.7
USOILm,1m,S11_ema_rsi_long_10_34,9562,-1169.95,-15.39,28.54,-1169.95
USOILm,1m,S08_ema_rsi_long_9_30,9455,-1191.28,-15.67,28.86,-1191.28
USOILm,1m,S09_ema_rsi_short_9_30,8088,-1208.81,-15.7,27.36,-1210.08
USOILm,1m,S43_custom_both_5_30,9918,-1393.51,-17.87,27.45,-1393.51
USOILm,1m,S05_ema_rsi_long_8_21,11219,-1487.35,-19.32,32.17,-1487.35
USOILm,1m,S06_ema_rsi_short_8_21,9680,-1499.45,-19.47,30.29,-1499.89
USOILm,1m,S03_ema_rsi_short_5_20,11244,-1850.39,-24.03,34.77,-1850.88
USOILm,1m,S02_ema_rsi_long_5_20,12905,-1881.86,-24.13,36.86,-1881.86
USOILm,1m,S10_ema_rsi_both_10_34,17562,-2306.18,-29.57,27.78,-2307.25
USOILm,1m,S07_ema_rsi_both_9_30,17417,-2380.96,-30.53,28.2,-2382.17
USOILm,1m,S04_ema_rsi_both_8_21,20727,-2969.62,-38.07,31.26,-2969.62
USOILm,1m,S01_ema_rsi_both_5_20,23827,-3686.73,-47.27,35.9,-3686.73
USOILm,1m,S23_donchian_both_15,0,0.0,0.0,0.0,0.0
USOILm,1m,S24_donchian_short_15,0,0.0,0.0,0.0,0.0
USOILm,1m,S27_donchian_both_30,0,0.0,0.0,0.0,0.0
USOILm,1m,S28_donchian_short_30,0,0.0,0.0,0.0,0.0
USOILm,1m,S29_donchian_both_40,0,0.0,0.0,0.0,0.0
USOILm,1m,S30_donchian_short_40,0,0.0,0.0,0.0,0.0
USOILm,1m,S31_donchian_both_50,0,0.0,0.0,0.0,0.0
USOILm,1m,S32_donchian_short_50,0,0.0,0.0,0.0,0.0
USOILm,1m,S45_custom_both_8_34,0,0.0,0.0,0.0,0.0
USOILm,1m,S46_custom_short_8_34,0,0.0,0.0,0.0,0.0
USOILm,1m,S47_custom_both_10_40,0,0.0,0.0,0.0,0.0
USOILm,1m,S48_custom_short_10_40,0,0.0,0.0,0.0,0.0
USOILm,1m,S49_custom_both_12_45,0,0.0,0.0,0.0,0.0
USOILm,1m,S50_custom_short_12_45,0,0.0,0.0,0.0,0.0
USOILm,3m,S20_bb_rsi_long_30_2p6,367,-19.75,-0.3,37.06,-29.49
USOILm,3m,S22_bb_rsi_long_40_2p8,245,-22.85,-0.37,38.37,-32.0
USOILm,3m,S16_bb_rsi_long_20_2p4,504,-42.91,-0.61,40.87,-63.89
USOILm,3m,S21_bb_rsi_both_40_2p8,503,-50.68,-0.68,39.96,-66.21
USOILm,3m,S18_bb_rsi_long_30_2p2,730,-52.28,-0.76,37.67,-73.48
USOILm,3m,S19_bb_rsi_both_30_2p6,730,-85.27,-1.12,35.89,-102.44
USOILm,3m,S15_bb_rsi_both_20_2p4,1030,-107.7,-1.42,38.74,-126.55
USOILm,3m,S14_bb_rsi_long_20_2p0,1021,-125.21,-1.76,41.92,-139.06
USOILm,3m,S42_structure_long_12_36,1288,-130.26,-1.92,33.7,-134.29
USOILm,3m,S26_donchian_short_20,836,-135.18,-1.93,28.83,-138.34
USOILm,3m,S38_structure_long_8_32,1310,-135.95,-2.0,34.2,-140.88
USOILm,3m,S40_structure_long_10_30,1346,-146.91,-2.16,35.22,-148.48
USOILm,3m,S36_structure_long_7_28,1361,-155.58,-2.29,36.44,-155.58
USOILm,3m,S34_structure_long_6_24,1395,-156.17,-2.3,39.07,-156.17
USOILm,3m,S17_bb_rsi_both_30_2p2,1505,-179.68,-2.36,35.22,-204.97
USOILm,3m,S25_donchian_both_20,1904,-248.43,-3.31,30.51,-249.3
USOILm,3m,S44_custom_short_5_30,1556,-251.09,-3.49,28.21,-252.19
USOILm,3m,S41_structure_both_12_36,2348,-281.63,-3.97,31.77,-282.2
USOILm,3m,S37_structure_both_8_32,2412,-293.65,-4.14,32.3,-294.32
USOILm,3m,S39_structure_both_10_30,2472,-300.17,-4.23,33.66,-300.3
USOILm,3m,S13_bb_rsi_both_20_2p0,2156,-321.54,-4.23,39.84,-332.8
USOILm,3m,S35_structure_both_7_28,2495,-318.17,-4.48,34.91,-318.17
USOILm,3m,S33_structure_both_6_24,2555,-344.47,-4.85,37.57,-344.96
USOILm,3m,S08_ema_rsi_long_9_30,3322,-387.09,-5.38,32.99,-387.09
USOILm,3m,S11_ema_rsi_long_10_34,3415,-402.99,-5.6,32.27,-402.99
USOILm,3m,S09_ema_rsi_short_9_30,2652,-409.33,-5.69,31.49,-411.09
USOILm,3m,S43_custom_both_5_30,3373,-446.24,-5.8,30.57,-446.34
USOILm,3m,S12_ema_rsi_short_10_34,2708,-426.13,-5.92,30.32,-428.59
USOILm,3m,S05_ema_rsi_long_8_21,3963,-500.11,-6.85,36.01,-500.12
USOILm,3m,S06_ema_rsi_short_8_21,3277,-585.63,-8.02,32.9,-586.18
USOILm,3m,S02_ema_rsi_long_5_20,4682,-678.86,-9.3,41.44,-678.86
USOILm,3m,S03_ema_rsi_short_5_20,3887,-754.04,-9.92,37.38,-754.08
USOILm,3m,S07_ema_rsi_both_9_30,5937,-802.49,-10.56,32.27,-802.83
USOILm,3m,S10_ema_rsi_both_10_34,6102,-824.87,-10.85,31.42,-825.81
USOILm,3m,S04_ema_rsi_both_8_21,7185,-1093.03,-14.2,34.56,-1093.03
USOILm,3m,S01_ema_rsi_both_5_20,8475,-1418.04,-18.42,39.65,-1418.04
USOILm,3m,S23_donchian_both_15,0,0.0,0.0,0.0,0.0
USOILm,3m,S24_donchian_short_15,0,0.0,0.0,0.0,0.0
USOILm,3m,S27_donchian_both_30,0,0.0,0.0,0.0,0.0
USOILm,3m,S28_donchian_short_30,0,0.0,0.0,0.0,0.0
USOILm,3m,S29_donchian_both_40,0,0.0,0.0,0.0,0.0
USOILm,3m,S30_donchian_short_40,0,0.0,0.0,0.0,0.0
USOILm,3m,S31_donchian_both_50,0,0.0,0.0,0.0,0.0
USOILm,3m,S32_donchian_short_50,0,0.0,0.0,0.0,0.0
USOILm,3m,S45_custom_both_8_34,0,0.0,0.0,0.0,0.0
USOILm,3m,S46_custom_short_8_34,0,0.0,0.0,0.0,0.0
USOILm,3m,S47_custom_both_10_40,0,0.0,0.0,0.0,0.0
USOILm,3m,S48_custom_short_10_40,0,0.0,0.0,0.0,0.0
USOILm,3m,S49_custom_both_12_45,0,0.0,0.0,0.0,0.0
USOILm,3m,S50_custom_short_12_45,0,0.0,0.0,0.0,0.0
USOILm,5m,S22_bb_rsi_long_40_2p8,145,-1.11,-0.02,39.31,-9.46
USOILm,5m,S20_bb_rsi_long_30_2p6,210,-3.46,-0.05,41.9,-14.0
USOILm,5m,S18_bb_rsi_long_30_2p2,432,-16.77,-0.24,41.9,-27.54
USOILm,5m,S21_bb_rsi_both_40_2p8,309,-23.62,-0.33,36.89,-34.28
USOILm,5m,S19_bb_rsi_both_30_2p6,459,-28.08,-0.38,38.78,-39.52
USOILm,5m,S16_bb_rsi_long_20_2p4,305,-27.9,-0.42,42.62,-41.16
USOILm,5m,S15_bb_rsi_both_20_2p4,639,-60.24,-0.8,41.63,-69.62
USOILm,5m,S17_bb_rsi_both_30_2p2,930,-73.53,-0.98,38.82,-78.17
USOILm,5m,S14_bb_rsi_long_20_2p0,609,-80.75,-1.15,43.02,-85.58
USOILm,5m,S26_donchian_short_20,487,-98.7,-1.43,29.16,-104.28
USOILm,5m,S38_structure_long_8_32,865,-106.12,-1.56,32.6,-107.06
USOILm,5m,S42_structure_long_12_36,835,-111.73,-1.64,31.98,-114.86
USOILm,5m,S40_structure_long_10_30,890,-146.82,-2.16,32.13,-146.82
USOILm,5m,S25_donchian_both_20,1173,-166.78,-2.25,30.52,-170.07
USOILm,5m,S36_structure_long_7_28,897,-159.96,-2.35,33.44,-159.96
USOILm,5m,S41_structure_both_12_36,1463,-170.49,-2.4,33.01,-173.71
USOILm,5m,S37_structure_both_8_32,1507,-172.04,-2.42,33.71,-172.14
USOILm,5m,S34_structure_long_6_24,915,-167.33,-2.43,35.85,-167.33
USOILm,5m,S11_ema_rsi_long_10_34,2088,-175.97,-2.44,35.06,-178.3
USOILm,5m,S44_custom_short_5_30,889,-185.95,-2.66,28.68,-186.97
USOILm,5m,S08_ema_rsi_long_9_30,2042,-191.75,-2.66,35.85,-192.93
USOILm,5m,S13_bb_rsi_both_20_2p0,1307,-217.9,-2.87,40.78,-219.91
USOILm,5m,S39_structure_both_10_30,1550,-221.9,-3.13,33.61,-221.9
USOILm,5m,S35_structure_both_7_28,1560,-238.64,-3.36,35.0,-238.64
USOILm,5m,S43_custom_both_5_30,2003,-283.88,-3.74,31.2,-284.53
USOILm,5m,S05_ema_rsi_long_8_21,2447,-276.31,-3.84,37.27,-276.77
USOILm,5m,S33_structure_both_6_24,1595,-276.99,-3.9,37.12,-276.99
USOILm,5m,S09_ema_rsi_short_9_30,1586,-278.97,-3.93,31.78,-281.13
USOILm,5m,S12_ema_rsi_short_10_34,1614,-286.23,-4.03,30.61,-287.87
USOILm,5m,S02_ema_rsi_long_5_20,2867,-367.92,-5.11,42.69,-368.2
USOILm,5m,S06_ema_rsi_short_8_21,1961,-368.44,-5.12,34.63,-370.25
USOILm,5m,S07_ema_rsi_both_9_30,3605,-463.63,-6.1,34.15,-465.01
USOILm,5m,S10_ema_rsi_both_10_34,3693,-466.14,-6.13,32.98,-467.83
USOILm,5m,S03_ema_rsi_short_5_20,2338,-452.58,-6.29,39.35,-452.74
USOILm,5m,S04_ema_rsi_both_8_21,4366,-645.13,-8.49,36.05,-646.08
USOILm,5m,S01_ema_rsi_both_5_20,5140,-813.71,-10.71,41.23,-813.99
USOILm,5m,S23_donchian_both_15,0,0.0,0.0,0.0,0.0
USOILm,5m,S24_donchian_short_15,0,0.0,0.0,0.0,0.0
USOILm,5m,S27_donchian_both_30,0,0.0,0.0,0.0,0.0
USOILm,5m,S28_donchian_short_30,0,0.0,0.0,0.0,0.0
USOILm,5m,S29_donchian_both_40,0,0.0,0.0,0.0,0.0
USOILm,5m,S30_donchian_short_40,0,0.0,0.0,0.0,0.0
USOILm,5m,S31_donchian_both_50,0,0.0,0.0,0.0,0.0
USOILm,5m,S32_donchian_short_50,0,0.0,0.0,0.0,0.0
USOILm,5m,S45_custom_both_8_34,0,0.0,0.0,0.0,0.0
USOILm,5m,S46_custom_short_8_34,0,0.0,0.0,0.0,0.0
USOILm,5m,S47_custom_both_10_40,0,0.0,0.0,0.0,0.0
USOILm,5m,S48_custom_short_10_40,0,0.0,0.0,0.0,0.0
USOILm,5m,S49_custom_both_12_45,0,0.0,0.0,0.0,0.0
USOILm,5m,S50_custom_short_12_45,0,0.0,0.0,0.0,0.0
XAUUSDm,1m,S22_bb_rsi_long_40_2p8,578,-301.22,-6.41,34.43,-304.86
XAUUSDm,1m,S20_bb_rsi_long_30_2p6,836,-554.04,-11.79,33.85,-562.04
XAUUSDm,1m,S21_bb_rsi_both_40_2p8,984,-681.86,-13.64,30.39,-684.23
XAUUSDm,1m,S32_donchian_short_50,873,-806.29,-17.16,24.4,-815.21
XAUUSDm,1m,S30_donchian_short_40,996,-916.59,-19.5,25.3,-917.03
XAUUSDm,1m,S19_bb_rsi_both_30_2p6,1411,-1159.05,-23.18,29.91,-1169.64
XAUUSDm,1m,S16_bb_rsi_long_20_2p4,1132,-1153.82,-24.55,36.4,-1162.22
XAUUSDm,1m,S18_bb_rsi_long_30_2p2,1676,-1272.55,-27.08,34.49,-1281.04
XAUUSDm,1m,S28_donchian_short_30,1289,-1359.32,-28.92,25.99,-1361.9
XAUUSDm,1m,S31_donchian_both_50,1636,-1449.87,-29.0,25.43,-1466.53
XAUUSDm,1m,S29_donchian_both_40,1837,-1681.58,-33.63,26.35,-1690.17
XAUUSDm,1m,S50_custom_short_12_45,1700,-1585.61,-33.74,24.76,-1592.15
XAUUSDm,1m,S48_custom_short_10_40,1945,-1854.2,-39.45,25.66,-1863.49
XAUUSDm,1m,S26_donchian_short_20,1688,-2078.42,-44.22,27.37,-2079.92
XAUUSDm,1m,S15_bb_rsi_both_20_2p4,2000,-2295.16,-45.9,34.4,-2297.19
XAUUSDm,1m,S46_custom_short_8_34,2257,-2355.12,-50.11,27.03,-2358.01
XAUUSDm,1m,S27_donchian_both_30,2370,-2507.45,-50.15,26.33,-2513.45
XAUUSDm,1m,S24_donchian_short_15,1892,-2358.03,-50.17,31.61,-2358.53
XAUUSDm,1m,S17_bb_rsi_both_30_2p2,2998,-2684.46,-53.69,31.69,-2693.26
XAUUSDm,1m,S42_structure_long_12_36,2361,-2686.57,-53.73,25.67,-2691.01
XAUUSDm,1m,S49_custom_both_12_45,2920,-2695.11,-53.9,25.1,-2709.75
XAUUSDm,1m,S14_bb_rsi_long_20_2p0,2335,-2844.44,-60.52,36.49,-2851.95
XAUUSDm,1m,S38_structure_long_8_32,2416,-3056.63,-61.13,27.19,-3064.13
XAUUSDm,1m,S47_custom_both_10_40,3369,-3297.85,-65.96,25.76,-3315.84
XAUUSDm,1m,S44_custom_short_5_30,2652,-3103.45,-66.03,30.02,-3108.18
XAUUSDm,1m,S40_structure_long_10_30,2484,-3402.29,-68.05,29.71,-3411.26
XAUUSDm,1m,S36_structure_long_7_28,2505,-3452.44,-69.05,30.62,-3463.2
XAUUSDm,1m,S25_donchian_both_20,3077,-3712.68,-74.25,28.34,-3717.19
XAUUSDm,1m,S34_structure_long_6_24,2575,-3974.21,-79.48,31.46,-3984.2
XAUUSDm,1m,S45_custom_both_8_34,3896,-4198.6,-83.97,26.98,-4207.04
XAUUSDm,1m,S23_donchian_both_15,3348,-4212.99,-84.26,31.9,-4218.47
XAUUSDm,1m,S41_structure_both_12_36,4730,-5125.79,-102.52,26.51,-5142.04
XAUUSDm,1m,S08_ema_rsi_long_9_30,4212,-5158.87,-105.28,28.94,-5170.05
XAUUSDm,1m,S09_ema_rsi_short_9_30,4752,-5133.43,-109.22,30.16,-5143.49
XAUUSDm,1m,S43_custom_both_5_30,4625,-5606.52,-112.13,29.75,-5620.84
XAUUSDm,1m,S13_bb_rsi_both_20_2p0,4334,-5762.76,-115.26,34.7,-5772.03
XAUUSDm,1m,S37_structure_both_8_32,4862,-5865.03,-117.3,28.22,-5880.51
XAUUSDm,1m,S11_ema_rsi_long_10_34,4343,-5770.23,-117.76,28.09,-5784.47
XAUUSDm,1m,S12_ema_rsi_short_10_34,4834,-5709.32,-121.47,28.73,-5719.08
XAUUSDm,1m,S39_structure_both_10_30,4991,-6575.06,-131.5,31.0,-6592.39
XAUUSDm,1m,S35_structure_both_7_28,5033,-6694.93,-133.9,32.01,-6714.72
XAUUSDm,1m,S05_ema_rsi_long_8_21,4960,-6866.97,-137.34,31.45,-6880.65
XAUUSDm,1m,S06_ema_rsi_short_8_21,5706,-7043.56,-149.86,33.54,-7045.87
XAUUSDm,1m,S33_structure_both_6_24,5161,-7657.09,-153.14,33.19,-7674.9
XAUUSDm,1m,S02_ema_rsi_long_5_20,5639,-8929.07,-178.58,30.54,-8940.86
XAUUSDm,1m,S03_ema_rsi_short_5_20,6589,-9420.28,-200.43,33.5,-9424.02
XAUUSDm,1m,S07_ema_rsi_both_9_30,8921,-10237.81,-204.76,29.56,-10256.32
XAUUSDm,1m,S10_ema_rsi_both_10_34,9145,-11417.62,-228.35,28.44,-11437.5
XAUUSDm,1m,S04_ema_rsi_both_8_21,10617,-13833.36,-276.67,32.57,-13844.94
XAUUSDm,1m,S01_ema_rsi_both_5_20,12130,-18222.63,-364.45,32.15,-18232.85
XAUUSDm,3m,S22_bb_rsi_long_40_2p8,221,-41.31,-0.9,37.1,-54.32
XAUUSDm,3m,S21_bb_rsi_both_40_2p8,347,-77.49,-1.55,35.73,-82.69
XAUUSDm,3m,S20_bb_rsi_long_30_2p6,317,-101.95,-2.17,36.59,-109.09
XAUUSDm,3m,S32_donchian_short_50,265,-145.19,-3.16,26.42,-159.02
XAUUSDm,3m,S19_bb_rsi_both_30_2p6,506,-193.2,-3.86,34.78,-198.15
XAUUSDm,3m,S50_custom_short_12_45,542,-187.99,-4.0,30.63,-240.13
XAUUSDm,3m,S18_bb_rsi_long_30_2p2,578,-199.43,-4.24,38.93,-205.5
XAUUSDm,3m,S16_bb_rsi_long_20_2p4,413,-205.53,-4.37,42.13,-207.07
XAUUSDm,3m,S30_donchian_short_40,314,-223.7,-4.86,25.16,-233.96
XAUUSDm,3m,S31_donchian_both_50,512,-243.33,-4.87,27.34,-248.73
XAUUSDm,3m,S48_custom_short_10_40,634,-293.51,-6.24,29.81,-320.12
XAUUSDm,3m,S29_donchian_both_40,588,-342.39,-6.85,27.21,-351.03
XAUUSDm,3m,S28_donchian_short_30,406,-332.3,-7.07,24.88,-336.74
XAUUSDm,3m,S46_custom_short_8_34,729,-361.68,-7.7,31.28,-396.28
XAUUSDm,3m,S49_custom_both_12_45,934,-388.33,-7.77,28.59,-394.15
XAUUSDm,3m,S17_bb_rsi_both_30_2p2,1017,-437.52,-8.75,36.09,-439.92
XAUUSDm,3m,S26_donchian_short_20,553,-457.87,-9.74,27.49,-467.51
XAUUSDm,3m,S15_bb_rsi_both_20_2p4,717,-490.77,-9.82,36.82,-496.07
XAUUSDm,3m,S44_custom_short_5_30,855,-463.73,-9.87,32.51,-481.56
XAUUSDm,3m,S27_donchian_both_30,753,-510.52,-10.21,27.22,-516.29
XAUUSDm,3m,S42_structure_long_12_36,805,-511.24,-10.43,28.57,-512.3
XAUUSDm,3m,S47_custom_both_10_40,1080,-542.24,-10.84,28.8,-549.38
XAUUSDm,3m,S24_donchian_short_15,612,-518.49,-11.03,30.39,-525.43
XAUUSDm,3m,S14_bb_rsi_long_20_2p0,800,-519.11,-11.04,43.38,-526.4
XAUUSDm,3m,S38_structure_long_8_32,822,-570.52,-11.64,29.32,-571.19
XAUUSDm,3m,S40_structure_long_10_30,848,-637.79,-13.02,31.6,-640.16
XAUUSDm,3m,S36_structure_long_7_28,861,-638.76,-13.04,33.57,-640.73
XAUUSDm,3m,S45_custom_both_8_34,1241,-688.04,-13.76,29.98,-696.38
XAUUSDm,3m,S25_donchian_both_20,1014,-734.47,-14.69,29.59,-737.42
XAUUSDm,3m,S34_structure_long_6_24,883,-729.18,-14.88,37.03,-730.85
XAUUSDm,3m,S23_donchian_both_15,1079,-790.85,-15.82,32.72,-792.03
XAUUSDm,3m,S09_ema_rsi_short_9_30,1513,-832.15,-17.71,32.91,-848.66
XAUUSDm,3m,S43_custom_both_5_30,1475,-911.8,-18.24,31.66,-924.23
XAUUSDm,3m,S08_ema_rsi_long_9_30,1314,-888.35,-18.9,30.9,-894.33
XAUUSDm,3m,S12_ema_rsi_short_10_34,1527,-889.78,-18.93,31.76,-911.6
XAUUSDm,3m,S41_structure_both_12_36,1599,-1014.71,-20.29,29.58,-1020.85
XAUUSDm,3m,S11_ema_rsi_long_10_34,1354,-975.71,-20.76,29.84,-981.85
XAUUSDm,3m,S37_structure_both_8_32,1636,-1118.38,-22.37,30.68,-1122.62
XAUUSDm,3m,S13_bb_rsi_both_20_2p0,1472,-1129.27,-22.59,40.42,-1135.47
XAUUSDm,3m,S05_ema_rsi_long_8_21,1552,-1167.52,-23.83,35.7,-1171.54
XAUUSDm,3m,S39_structure_both_10_30,1682,-1252.9,-25.06,32.82,-1256.03
XAUUSDm,3m,S06_ema_rsi_short_8_21,1816,-1189.08,-25.3,36.62,-1205.35
XAUUSDm,3m,S35_structure_both_7_28,1705,-1280.02,-25.6,34.49,-1284.44
XAUUSDm,3m,S33_structure_both_6_24,1753,-1462.33,-29.25,38.05,-1466.04
XAUUSDm,3m,S02_ema_rsi_long_5_20,1746,-1545.71,-32.2,41.47,-1548.95
XAUUSDm,3m,S03_ema_rsi_short_5_20,2089,-1596.04,-33.96,42.51,-1607.52
XAUUSDm,3m,S07_ema_rsi_both_9_30,2821,-1730.68,-34.61,31.94,-1748.97
XAUUSDm,3m,S10_ema_rsi_both_10_34,2875,-1860.67,-37.21,30.92,-1879.44
XAUUSDm,3m,S04_ema_rsi_both_8_21,3349,-2340.74,-46.81,36.25,-2357.87
XAUUSDm,3m,S01_ema_rsi_both_5_20,3803,-3097.44,-61.95,42.2,-3108.74
XAUUSDm,5m,S32_donchian_short_50,159,-31.87,-0.76,32.08,-70.16
XAUUSDm,5m,S50_custom_short_12_45,321,-44.49,-0.97,32.71,-120.04
XAUUSDm,5m,S30_donchian_short_40,180,-48.8,-1.08,31.67,-75.35
XAUUSDm,5m,S31_donchian_both_50,306,-51.83,-1.1,32.68,-86.78
XAUUSDm,5m,S20_bb_rsi_long_30_2p6,198,-63.19,-1.4,33.84,-73.93
XAUUSDm,5m,S22_bb_rsi_long_40_2p8,142,-53.75,-1.41,33.1,-60.95
XAUUSDm,5m,S28_donchian_short_30,222,-66.16,-1.44,32.88,-85.89
XAUUSDm,5m,S29_donchian_both_40,346,-93.56,-1.91,32.08,-116.34
XAUUSDm,5m,S48_custom_short_10_40,360,-86.62,-1.92,32.5,-151.16
XAUUSDm,5m,S21_bb_rsi_both_40_2p8,234,-95.77,-1.95,32.05,-103.46
XAUUSDm,5m,S16_bb_rsi_long_20_2p4,246,-108.77,-2.31,39.84,-112.56
XAUUSDm,5m,S19_bb_rsi_both_30_2p6,329,-120.31,-2.41,33.13,-125.41
XAUUSDm,5m,S49_custom_both_12_45,551,-124.62,-2.49,33.39,-195.92
XAUUSDm,5m,S46_custom_short_8_34,421,-140.79,-3.13,31.59,-204.86
XAUUSDm,5m,S27_donchian_both_30,431,-155.77,-3.18,31.55,-162.53
XAUUSDm,5m,S18_bb_rsi_long_30_2p2,341,-158.32,-3.37,33.43,-175.06
XAUUSDm,5m,S26_donchian_short_20,302,-164.51,-3.58,31.13,-187.83
XAUUSDm,5m,S44_custom_short_5_30,517,-170.37,-3.7,34.24,-233.1
XAUUSDm,5m,S47_custom_both_10_40,621,-187.75,-3.83,33.33,-238.28
XAUUSDm,5m,S24_donchian_short_15,356,-178.58,-3.88,34.83,-195.92
XAUUSDm,5m,S15_bb_rsi_both_20_2p4,418,-202.1,-4.04,38.76,-204.18
XAUUSDm,5m,S42_structure_long_12_36,460,-207.98,-4.33,32.61,-213.53
XAUUSDm,5m,S14_bb_rsi_long_20_2p0,474,-222.59,-4.74,44.09,-228.93
XAUUSDm,5m,S38_structure_long_8_32,476,-252.32,-5.26,32.35,-261.93
XAUUSDm,5m,S40_structure_long_10_30,486,-261.2,-5.44,34.36,-270.89
XAUUSDm,5m,S23_donchian_both_15,618,-269.99,-5.51,35.76,-282.05
XAUUSDm,5m,S36_structure_long_7_28,488,-272.63,-5.68,35.25,-281.51
XAUUSDm,5m,S17_bb_rsi_both_30_2p2,616,-287.11,-5.74,33.44,-287.11
XAUUSDm,5m,S45_custom_both_8_34,738,-296.56,-6.05,31.57,-332.65
XAUUSDm,5m,S25_donchian_both_20,563,-304.57,-6.22,30.73,-318.43
XAUUSDm,5m,S09_ema_rsi_short_9_30,868,-297.44,-6.33,35.6,-336.14
XAUUSDm,5m,S34_structure_long_6_24,495,-311.98,-6.5,38.38,-321.95
XAUUSDm,5m,S12_ema_rsi_short_10_34,876,-336.23,-7.15,34.47,-356.12
XAUUSDm,5m,S41_structure_both_12_36,890,-362.95,-7.26,33.03,-373.7
XAUUSDm,5m,S43_custom_both_5_30,891,-370.83,-7.57,33.0,-402.03
XAUUSDm,5m,S08_ema_rsi_long_9_30,768,-385.11,-8.37,32.94,-392.64
XAUUSDm,5m,S37_structure_both_8_32,913,-425.31,-8.51,33.63,-439.59
XAUUSDm,5m,S11_ema_rsi_long_10_34,778,-415.51,-9.03,31.88,-423.15
XAUUSDm,5m,S39_structure_both_10_30,934,-452.29,-9.05,35.97,-469.51
XAUUSDm,5m,S35_structure_both_7_28,939,-476.87,-9.54,37.06,-492.69
XAUUSDm,5m,S13_bb_rsi_both_20_2p0,879,-504.49,-10.09,41.64,-515.95
XAUUSDm,5m,S06_ema_rsi_short_8_21,1050,-477.62,-10.16,38.29,-492.25
XAUUSDm,5m,S33_structure_both_6_24,955,-540.53,-10.81,40.63,-554.25
XAUUSDm,5m,S05_ema_rsi_long_8_21,895,-548.88,-11.68,34.97,-556.98
XAUUSDm,5m,S07_ema_rsi_both_9_30,1628,-677.87,-13.56,34.34,-693.24
XAUUSDm,5m,S02_ema_rsi_long_5_20,1020,-692.65,-14.43,42.35,-700.57
XAUUSDm,5m,S10_ema_rsi_both_10_34,1652,-747.0,-14.94,33.29,-761.18
XAUUSDm,5m,S03_ema_rsi_short_5_20,1203,-710.42,-15.12,42.48,-723.8
XAUUSDm,5m,S04_ema_rsi_both_8_21,1940,-1018.41,-20.37,36.86,-1035.87
XAUUSDm,5m,S01_ema_rsi_both_5_20,2207,-1404.73,-28.09,42.27,-1417.46
