pair,timeframe,strategy,family,rr,trail_trigger,trail_step,trades,wins,winrate,net_pnl,pnl_per_day,days_ge_20,active_days
BTCUSDm,1m,ema_cross_5_20,indicator,2.0,2.0,1.0,42453,19956,47.01,712490.06,11874.83,60,60
BTCUSDm,1m,ema_cross_8_20,indicator,2.0,2.0,1.0,42453,19965,47.03,707438.72,11790.65,60,60
BTCUSDm,1m,sma_cross_10_50,indicator,2.0,2.0,1.0,42453,20294,47.8,706155.06,11769.25,60,60
BTCUSDm,1m,ema_cross_5_50,indicator,2.0,2.0,1.0,42453,20031,47.18,704416.8,11740.28,60,60
BTCUSDm,1m,ema_cross_8_34,indicator,2.0,2.0,1.0,42453,20031,47.18,702980.12,11716.34,60,60
BTCUSDm,1m,sma_cross_5_50,indicator,2.0,2.0,1.0,42453,20126,47.41,702197.77,11703.3,60,60
BTCUSDm,1m,ema_cross_10_50,indicator,2.0,2.0,1.0,42453,20098,47.34,702018.99,11700.32,60,60
BTCUSDm,1m,sma_cross_5_20,indicator,2.0,2.0,1.0,42454,20072,47.28,701687.09,11694.78,60,60
BTCUSDm,1m,ema_cross_13_34,indicator,2.0,2.0,1.0,42453,20095,47.33,701397.66,11689.96,60,60
BTCUSDm,1m,sma_cross_8_34,indicator,2.0,2.0,1.0,42453,20124,47.4,700170.63,11669.51,60,60
BTCUSDm,1m,sma_cross_13_34,indicator,2.0,2.0,1.0,42453,20254,47.71,699023.09,11650.38,60,60
BTCUSDm,1m,sma_cross_8_20,indicator,2.0,2.0,1.0,42454,20159,47.48,698410.72,11640.18,60,60
BTCUSDm,1m,pressure_thrust_0.2,custom,2.0,2.0,1.0,36750,17121,46.59,604132.84,10068.88,60,60
BTCUSDm,1m,pressure_thrust_0.35,custom,2.0,2.0,1.0,30967,14280,46.11,516999.39,8616.66,60,60
BTCUSDm,1m,z_break_0.8,volatility,2.0,2.0,1.0,29926,13695,45.76,516837.76,8613.96,60,60
BTCUSDm,1m,z_revert_0.8,volatility,2.0,2.0,1.0,29925,15482,51.74,502291.65,8371.53,60,60
BTCUSDm,1m,z_break_1.0,volatility,2.0,2.0,1.0,25650,11731,45.73,451791.62,7529.86,60,60
BTCUSDm,1m,z_revert_1.0,volatility,2.0,2.0,1.0,25650,13300,51.85,431493.03,7191.55,60,60
BTCUSDm,1m,pressure_thrust_0.5,custom,2.0,2.0,1.0,24022,11065,46.06,413961.78,6899.36,60,60
BTCUSDm,1m,donchian_break_20_k1.0,structure,2.0,2.0,1.0,21960,10009,45.58,386804.06,6446.73,60,60
BTCUSDm,1m,z_break_1.2,volatility,2.0,2.0,1.0,21260,9660,45.44,377679.48,6294.66,60,60
BTCUSDm,1m,z_revert_1.2,volatility,2.0,2.0,1.0,21260,11088,52.15,368184.08,6136.4,60,60
BTCUSDm,1m,rsi_trend_40_60,regime,2.0,2.0,1.0,17933,8134,45.36,345638.45,5760.64,60,60
BTCUSDm,1m,rsi_revert_40_60,regime,2.0,2.0,1.0,17933,9401,52.42,334410.77,5573.51,60,60
BTCUSDm,1m,pressure_thrust_0.65,custom,2.0,2.0,1.0,17013,7865,46.23,306717.47,5111.96,60,60
BTCUSDm,1m,z_break_1.5,volatility,2.0,2.0,1.0,14904,6748,45.28,280753.04,4679.22,60,60
BTCUSDm,1m,z_revert_1.5,volatility,2.0,2.0,1.0,14904,7825,52.5,269353.7,4489.23,60,60
BTCUSDm,1m,donchian_break_20_k0.6,structure,2.0,2.0,1.0,13330,5901,44.27,243207.03,4053.45,60,60
BTCUSDm,1m,donchian_break_50_k1.0,structure,2.0,2.0,1.0,12027,5378,44.72,238955.43,3982.59,60,60
BTCUSDm,1m,pressure_thrust_0.8,custom,2.0,2.0,1.0,11154,5067,45.43,210675.09,3511.25,60,60
BTCUSDm,1m,rsi_trend_35_65,regime,2.0,2.0,1.0,8850,3911,44.19,195405.65,3256.76,60,60
BTCUSDm,1m,rsi_revert_35_65,regime,2.0,2.0,1.0,8850,4762,53.81,194420.13,3240.34,60,60
BTCUSDm,1m,donchian_break_20_k0.4,structure,2.0,2.0,1.0,8961,3869,43.18,166580.54,2776.34,60,60
BTCUSDm,1m,donchian_break_50_k0.6,structure,2.0,2.0,1.0,6987,3066,43.88,146180.22,2436.34,60,60
BTCUSDm,1m,rsi_revert_30_70,regime,2.0,2.0,1.0,3739,2021,54.05,99131.3,1652.19,60,60
BTCUSDm,1m,rsi_trend_30_70,regime,2.0,2.0,1.0,3739,1646,44.02,98979.63,1649.66,60,60
BTCUSDm,1m,engulfing_body_0.2,pattern,2.0,2.0,1.0,5708,2717,47.6,97944.46,1632.41,60,60
BTCUSDm,1m,donchian_break_50_k0.4,structure,2.0,2.0,1.0,4597,1939,42.18,96889.47,1614.82,60,60
BTCUSDm,1m,engulfing_body_0.35,pattern,2.0,2.0,1.0,5456,2592,47.51,93734.6,1562.24,60,60
BTCUSDm,1m,donchian_break_20_k0.2,structure,2.0,2.0,1.0,4564,1921,42.09,84466.93,1407.78,60,60
BTCUSDm,1m,engulfing_body_0.5,pattern,2.0,2.0,1.0,4693,2219,47.28,79632.87,1327.21,60,60
BTCUSDm,1m,engulfing_body_0.65,pattern,2.0,2.0,1.0,3394,1587,46.76,57793.73,963.23,60,60
BTCUSDm,1m,donchian_break_50_k0.2,structure,2.0,2.0,1.0,2275,942,41.41,50324.9,838.75,60,60
BTCUSDm,1m,rsi_revert_25_75,regime,2.0,2.0,1.0,1432,774,54.05,46197.53,769.96,60,60
BTCUSDm,1m,rsi_trend_25_75,regime,2.0,2.0,1.0,1432,633,44.2,42748.73,712.48,58,60
BTCUSDm,1m,engulfing_body_0.8,pattern,2.0,2.0,1.0,1904,864,45.38,30788.72,513.15,59,60
BTCUSDm,1m,rsi_revert_20_80,regime,2.0,2.0,1.0,445,249,55.96,19321.84,327.49,57,59
BTCUSDm,1m,rsi_trend_20_80,regime,2.0,2.0,1.0,445,188,42.25,15307.07,259.44,50,59
BTCUSDm,1m,donchian_break_20_k0.0,structure,2.0,2.0,1.0,0,0,0.0,0.0,0.0,0,0
BTCUSDm,1m,donchian_break_50_k0.0,structure,2.0,2.0,1.0,0,0,0.0,0.0,0.0,0,0
BTCUSDm,3m,sma_cross_8_34,indicator,2.0,2.0,1.0,14135,6784,47.99,439140.32,7319.01,60,60
BTCUSDm,3m,ema_cross_8_34,indicator,2.0,2.0,1.0,14135,6780,47.97,438073.55,7301.23,60,60
BTCUSDm,3m,ema_cross_13_34,indicator,2.0,2.0,1.0,14135,6773,47.92,437667.67,7294.46,60,60
BTCUSDm,3m,ema_cross_5_50,indicator,2.0,2.0,1.0,14135,6791,48.04,437644.29,7294.07,60,60
BTCUSDm,3m,ema_cross_10_50,indicator,2.0,2.0,1.0,14135,6778,47.95,436864.5,7281.07,60,60
BTCUSDm,3m,sma_cross_5_50,indicator,2.0,2.0,1.0,14135,6752,47.77,436483.77,7274.73,60,60
BTCUSDm,3m,sma_cross_13_34,indicator,2.0,2.0,1.0,14135,6762,47.84,436058.02,7267.63,60,60
BTCUSDm,3m,ema_cross_8_20,indicator,2.0,2.0,1.0,14135,6705,47.44,434764.81,7246.08,60,60
BTCUSDm,3m,sma_cross_10_50,indicator,2.0,2.0,1.0,14135,6769,47.89,434114.43,7235.24,60,60
BTCUSDm,3m,sma_cross_8_20,indicator,2.0,2.0,1.0,14135,6773,47.92,433793.48,7229.89,60,60
BTCUSDm,3m,sma_cross_5_20,indicator,2.0,2.0,1.0,14135,6704,47.43,432920.74,7215.35,60,60
BTCUSDm,3m,ema_cross_5_20,indicator,2.0,2.0,1.0,14135,6687,47.31,431970.51,7199.51,60,60
BTCUSDm,3m,pressure_thrust_0.2,custom,2.0,2.0,1.0,12069,5693,47.17,371589.58,6193.16,60,60
BTCUSDm,3m,pressure_thrust_0.35,custom,2.0,2.0,1.0,9979,4667,46.77,319991.6,5333.19,60,60
BTCUSDm,3m,z_revert_0.8,volatility,2.0,2.0,1.0,9837,5106,51.91,308959.09,5149.32,60,60
BTCUSDm,3m,z_break_0.8,volatility,2.0,2.0,1.0,9837,4525,46.0,306421.53,5107.03,60,60
BTCUSDm,3m,z_break_1.0,volatility,2.0,2.0,1.0,8370,3889,46.46,277338.61,4622.31,60,60
BTCUSDm,3m,z_revert_1.0,volatility,2.0,2.0,1.0,8370,4304,51.42,260505.76,4341.76,60,60
BTCUSDm,3m,pressure_thrust_0.5,custom,2.0,2.0,1.0,7500,3427,45.69,240315.49,4005.26,60,60
BTCUSDm,3m,donchian_break_20_k1.0,structure,2.0,2.0,1.0,7220,3306,45.79,236882.28,3948.04,60,60
BTCUSDm,3m,z_break_1.2,volatility,2.0,2.0,1.0,6997,3227,46.12,234547.16,3909.12,60,60
BTCUSDm,3m,z_revert_1.2,volatility,2.0,2.0,1.0,6997,3632,51.91,222217.9,3703.63,60,60
BTCUSDm,3m,rsi_trend_40_60,regime,2.0,2.0,1.0,5976,2720,45.52,212595.19,3543.25,60,60
BTCUSDm,3m,rsi_revert_40_60,regime,2.0,2.0,1.0,5976,3145,52.63,205065.49,3417.76,60,60
BTCUSDm,3m,pressure_thrust_0.65,custom,2.0,2.0,1.0,5020,2276,45.34,171034.08,2850.57,60,60
BTCUSDm,3m,z_break_1.5,volatility,2.0,2.0,1.0,4899,2238,45.68,168734.01,2812.23,60,60
BTCUSDm,3m,z_revert_1.5,volatility,2.0,2.0,1.0,4899,2568,52.42,159942.82,2665.71,60,60
BTCUSDm,3m,donchian_break_50_k1.0,structure,2.0,2.0,1.0,3729,1703,45.67,147832.27,2463.87,60,60
BTCUSDm,3m,donchian_break_20_k0.6,structure,2.0,2.0,1.0,4184,1868,44.65,145181.12,2419.69,60,60
BTCUSDm,3m,rsi_trend_35_65,regime,2.0,2.0,1.0,3053,1347,44.12,122341.04,2039.02,60,60
BTCUSDm,3m,rsi_revert_35_65,regime,2.0,2.0,1.0,3053,1652,54.11,120163.18,2002.72,59,60
BTCUSDm,3m,pressure_thrust_0.8,custom,2.0,2.0,1.0,3119,1419,45.5,116242.05,1937.37,60,60
BTCUSDm,3m,donchian_break_20_k0.4,structure,2.0,2.0,1.0,2745,1215,44.26,101411.69,1690.19,60,60
BTCUSDm,3m,donchian_break_50_k0.6,structure,2.0,2.0,1.0,2122,919,43.31,86947.52,1449.13,60,60
BTCUSDm,3m,donchian_break_50_k0.4,structure,2.0,2.0,1.0,1371,608,44.35,62780.05,1046.33,58,60
BTCUSDm,3m,rsi_revert_30_70,regime,2.0,2.0,1.0,1329,723,54.4,60541.29,1009.02,60,60
BTCUSDm,3m,engulfing_body_0.2,pattern,2.0,2.0,1.0,1949,903,46.33,58573.5,976.22,59,60
BTCUSDm,3m,rsi_trend_30_70,regime,2.0,2.0,1.0,1329,588,44.24,57864.67,964.41,59,60
BTCUSDm,3m,engulfing_body_0.35,pattern,2.0,2.0,1.0,1863,858,46.05,56927.91,948.8,59,60
BTCUSDm,3m,donchian_break_20_k0.2,structure,2.0,2.0,1.0,1266,536,42.34,53116.65,885.28,59,60
BTCUSDm,3m,engulfing_body_0.5,pattern,2.0,2.0,1.0,1577,732,46.42,49303.33,821.72,59,60
BTCUSDm,3m,engulfing_body_0.65,pattern,2.0,2.0,1.0,1064,491,46.15,33179.62,552.99,59,60
BTCUSDm,3m,donchian_break_50_k0.2,structure,2.0,2.0,1.0,618,255,41.26,31330.55,531.03,54,59
BTCUSDm,3m,rsi_trend_25_75,regime,2.0,2.0,1.0,482,220,45.64,28827.26,488.6,50,59
BTCUSDm,3m,rsi_revert_25_75,regime,2.0,2.0,1.0,482,260,53.94,25471.44,431.72,56,59
BTCUSDm,3m,engulfing_body_0.8,pattern,2.0,2.0,1.0,504,235,46.63,16269.28,271.15,57,60
BTCUSDm,3m,rsi_revert_20_80,regime,2.0,2.0,1.0,165,97,58.79,12141.08,238.06,38,51
BTCUSDm,3m,rsi_trend_20_80,regime,2.0,2.0,1.0,165,70,42.42,11891.04,233.16,32,51
BTCUSDm,3m,donchian_break_20_k0.0,structure,2.0,2.0,1.0,0,0,0.0,0.0,0.0,0,0
BTCUSDm,3m,donchian_break_50_k0.0,structure,2.0,2.0,1.0,0,0,0.0,0.0,0.0,0,0
BTCUSDm,5m,sma_cross_10_50,indicator,2.0,2.0,1.0,8471,4060,47.93,340311.04,5767.98,59,59
BTCUSDm,5m,ema_cross_10_50,indicator,2.0,2.0,1.0,8471,4017,47.42,339861.01,5760.36,59,59
BTCUSDm,5m,ema_cross_13_34,indicator,2.0,2.0,1.0,8471,4010,47.34,338610.85,5739.17,59,59
BTCUSDm,5m,sma_cross_8_20,indicator,2.0,2.0,1.0,8471,4054,47.86,338288.51,5733.7,59,59
BTCUSDm,5m,sma_cross_5_20,indicator,2.0,2.0,1.0,8471,4029,47.56,338159.63,5731.52,59,59
BTCUSDm,5m,sma_cross_5_50,indicator,2.0,2.0,1.0,8471,4015,47.4,336848.65,5709.3,59,59
BTCUSDm,5m,ema_cross_5_50,indicator,2.0,2.0,1.0,8471,4015,47.4,336784.88,5708.22,59,59
BTCUSDm,5m,ema_cross_8_34,indicator,2.0,2.0,1.0,8471,3979,46.97,335465.34,5685.85,59,59
BTCUSDm,5m,sma_cross_8_34,indicator,2.0,2.0,1.0,8471,4012,47.36,334590.76,5671.03,59,59
BTCUSDm,5m,ema_cross_8_20,indicator,2.0,2.0,1.0,8471,3999,47.21,334024.11,5661.43,59,59
BTCUSDm,5m,ema_cross_5_20,indicator,2.0,2.0,1.0,8471,3990,47.1,333874.87,5658.9,59,59
BTCUSDm,5m,sma_cross_13_34,indicator,2.0,2.0,1.0,8471,4047,47.77,332747.46,5639.79,59,59
BTCUSDm,5m,pressure_thrust_0.2,custom,2.0,2.0,1.0,7145,3428,47.98,288860.46,4895.94,59,59
BTCUSDm,5m,z_break_0.8,volatility,2.0,2.0,1.0,5865,2755,46.97,246822.54,4183.43,59,59
BTCUSDm,5m,pressure_thrust_0.35,custom,2.0,2.0,1.0,5830,2767,47.46,242992.53,4118.52,59,59
BTCUSDm,5m,z_revert_0.8,volatility,2.0,2.0,1.0,5865,3010,51.32,228660.86,3875.61,59,59
BTCUSDm,5m,z_break_1.0,volatility,2.0,2.0,1.0,4997,2337,46.77,214944.89,3643.13,59,59
BTCUSDm,5m,z_revert_1.0,volatility,2.0,2.0,1.0,4997,2580,51.63,199912.67,3388.35,59,59
BTCUSDm,5m,donchian_break_20_k1.0,structure,2.0,2.0,1.0,4242,1966,46.35,181385.96,3074.34,59,59
BTCUSDm,5m,pressure_thrust_0.5,custom,2.0,2.0,1.0,4260,2010,47.18,180987.71,3067.59,59,59
BTCUSDm,5m,z_revert_1.2,volatility,2.0,2.0,1.0,4123,2147,52.07,176973.7,2999.55,59,59
BTCUSDm,5m,z_break_1.2,volatility,2.0,2.0,1.0,4123,1908,46.28,176468.88,2991.0,59,59
BTCUSDm,5m,rsi_trend_40_60,regime,2.0,2.0,1.0,3654,1671,45.73,168692.84,2859.2,59,59
BTCUSDm,5m,rsi_revert_40_60,regime,2.0,2.0,1.0,3654,1917,52.46,161555.21,2738.22,59,59
BTCUSDm,5m,z_break_1.5,volatility,2.0,2.0,1.0,2852,1341,47.02,135205.63,2291.62,59,59
BTCUSDm,5m,pressure_thrust_0.65,custom,2.0,2.0,1.0,2788,1304,46.77,127830.29,2166.62,59,59
BTCUSDm,5m,z_revert_1.5,volatility,2.0,2.0,1.0,2852,1473,51.65,124221.64,2105.45,59,59
BTCUSDm,5m,donchian_break_20_k0.6,structure,2.0,2.0,1.0,2445,1148,46.95,114458.01,1939.97,59,59
BTCUSDm,5m,donchian_break_50_k1.0,structure,2.0,2.0,1.0,2205,1031,46.76,110420.94,1871.54,59,59
BTCUSDm,5m,rsi_revert_35_65,regime,2.0,2.0,1.0,1852,990,53.46,94508.61,1601.84,59,59
BTCUSDm,5m,rsi_trend_35_65,regime,2.0,2.0,1.0,1852,833,44.98,90464.41,1533.3,59,59
BTCUSDm,5m,pressure_thrust_0.8,custom,2.0,2.0,1.0,1728,792,45.83,88349.63,1497.45,59,59
BTCUSDm,5m,donchian_break_20_k0.4,structure,2.0,2.0,1.0,1610,744,46.21,76906.54,1303.5,59,59
BTCUSDm,5m,donchian_break_50_k0.6,structure,2.0,2.0,1.0,1211,576,47.56,73095.81,1238.91,59,59
BTCUSDm,5m,rsi_revert_30_70,regime,2.0,2.0,1.0,826,470,56.9,54333.62,920.91,59,59
BTCUSDm,5m,donchian_break_50_k0.4,structure,2.0,2.0,1.0,804,372,46.27,49073.2,831.75,59,59
BTCUSDm,5m,engulfing_body_0.2,pattern,2.0,2.0,1.0,1122,547,48.75,46444.78,787.2,59,59
BTCUSDm,5m,rsi_trend_30_70,regime,2.0,2.0,1.0,826,344,41.65,44030.95,746.29,58,59
BTCUSDm,5m,engulfing_body_0.35,pattern,2.0,2.0,1.0,1066,516,48.41,43596.36,738.92,59,59
BTCUSDm,5m,engulfing_body_0.5,pattern,2.0,2.0,1.0,899,435,48.39,37593.55,637.18,59,59
BTCUSDm,5m,donchian_break_20_k0.2,structure,2.0,2.0,1.0,717,312,43.51,33036.89,559.95,56,59
BTCUSDm,5m,engulfing_body_0.65,pattern,2.0,2.0,1.0,619,299,48.3,27297.66,462.67,57,59
BTCUSDm,5m,rsi_revert_25_75,regime,2.0,2.0,1.0,309,166,53.72,21934.25,378.18,52,58
BTCUSDm,5m,donchian_break_50_k0.2,structure,2.0,2.0,1.0,360,157,43.61,19923.63,337.69,47,59
BTCUSDm,5m,rsi_trend_25_75,regime,2.0,2.0,1.0,309,137,44.34,19230.71,331.56,45,58
BTCUSDm,5m,rsi_revert_20_80,regime,2.0,2.0,1.0,103,56,54.37,11197.12,273.1,33,41
BTCUSDm,5m,engulfing_body_0.8,pattern,2.0,2.0,1.0,297,146,49.16,14175.12,240.26,47,59
BTCUSDm,5m,rsi_trend_20_80,regime,2.0,2.0,1.0,103,46,44.66,9518.46,232.16,25,41
BTCUSDm,5m,donchian_break_20_k0.0,structure,2.0,2.0,1.0,0,0,0.0,0.0,0.0,0,0
BTCUSDm,5m,donchian_break_50_k0.0,structure,2.0,2.0,1.0,0,0,0.0,0.0,0.0,0,0
BTCXAUm,1m,sma_cross_10_50,indicator,2.0,2.0,1.0,4,4,100.0,6.13,1.53,0,4
BTCXAUm,1m,engulfing_body_0.8,pattern,2.0,2.0,1.0,4,3,75.0,3.91,0.98,0,4
BTCXAUm,1m,ema_cross_5_20,indicator,2.0,2.0,1.0,5,4,80.0,3.92,0.78,0,5
BTCXAUm,1m,sma_cross_5_20,indicator,2.0,2.0,1.0,5,4,80.0,3.92,0.78,0,5
BTCXAUm,1m,ema_cross_8_34,indicator,2.0,2.0,1.0,5,4,80.0,3.92,0.78,0,5
BTCXAUm,1m,ema_cross_10_50,indicator,2.0,2.0,1.0,5,4,80.0,3.92,0.78,0,5
BTCXAUm,1m,ema_cross_13_34,indicator,2.0,2.0,1.0,5,4,80.0,3.92,0.78,0,5
BTCXAUm,1m,ema_cross_5_50,indicator,2.0,2.0,1.0,5,4,80.0,3.92,0.78,0,5
BTCXAUm,1m,sma_cross_5_50,indicator,2.0,2.0,1.0,5,4,80.0,3.92,0.78,0,5
BTCXAUm,1m,ema_cross_8_20,indicator,2.0,2.0,1.0,5,4,80.0,3.92,0.78,0,5
BTCXAUm,1m,rsi_trend_40_60,regime,2.0,2.0,1.0,5,4,80.0,3.92,0.78,0,5
BTCXAUm,1m,donchian_break_50_k0.6,structure,2.0,2.0,1.0,5,4,80.0,3.89,0.78,0,5
BTCXAUm,1m,z_break_0.8,volatility,2.0,2.0,1.0,5,4,80.0,3.92,0.78,0,5
BTCXAUm,1m,z_break_1.0,volatility,2.0,2.0,1.0,5,4,80.0,3.92,0.78,0,5
BTCXAUm,1m,z_break_1.2,volatility,2.0,2.0,1.0,5,4,80.0,3.92,0.78,0,5
BTCXAUm,1m,z_break_1.5,volatility,2.0,2.0,1.0,5,4,80.0,3.92,0.78,0,5
BTCXAUm,1m,donchian_break_50_k0.4,structure,2.0,2.0,1.0,5,4,80.0,3.86,0.77,0,5
BTCXAUm,1m,donchian_break_20_k1.0,structure,2.0,2.0,1.0,5,4,80.0,3.58,0.72,0,5
BTCXAUm,1m,rsi_revert_30_70,regime,2.0,2.0,1.0,4,3,75.0,2.84,0.71,0,4
BTCXAUm,1m,donchian_break_50_k1.0,structure,2.0,2.0,1.0,5,4,80.0,3.56,0.71,0,5
BTCXAUm,1m,rsi_revert_35_65,regime,2.0,2.0,1.0,4,3,75.0,2.81,0.7,0,4
BTCXAUm,1m,engulfing_body_0.2,pattern,2.0,2.0,1.0,4,3,75.0,2.58,0.65,0,4
BTCXAUm,1m,engulfing_body_0.35,pattern,2.0,2.0,1.0,4,3,75.0,2.58,0.65,0,4
BTCXAUm,1m,engulfing_body_0.5,pattern,2.0,2.0,1.0,4,3,75.0,2.58,0.65,0,4
BTCXAUm,1m,engulfing_body_0.65,pattern,2.0,2.0,1.0,4,3,75.0,2.58,0.65,0,4
BTCXAUm,1m,z_revert_1.5,volatility,2.0,2.0,1.0,5,3,60.0,1.37,0.27,0,5
BTCXAUm,1m,rsi_trend_20_80,regime,2.0,2.0,1.0,6,3,50.0,0.52,0.09,0,6
BTCXAUm,1m,rsi_revert_20_80,regime,2.0,2.0,1.0,5,3,60.0,0.38,0.08,0,5
BTCXAUm,1m,donchian_break_20_k0.0,structure,2.0,2.0,1.0,0,0,0.0,0.0,0.0,0,0
BTCXAUm,1m,donchian_break_50_k0.0,structure,2.0,2.0,1.0,0,0,0.0,0.0,0.0,0,0
BTCXAUm,1m,pressure_thrust_0.2,custom,2.0,2.0,1.0,0,0,0.0,0.0,0.0,0,0
BTCXAUm,1m,pressure_thrust_0.35,custom,2.0,2.0,1.0,0,0,0.0,0.0,0.0,0,0
BTCXAUm,1m,pressure_thrust_0.5,custom,2.0,2.0,1.0,0,0,0.0,0.0,0.0,0,0
BTCXAUm,1m,pressure_thrust_0.65,custom,2.0,2.0,1.0,0,0,0.0,0.0,0.0,0,0
BTCXAUm,1m,pressure_thrust_0.8,custom,2.0,2.0,1.0,0,0,0.0,0.0,0.0,0,0
BTCXAUm,1m,sma_cross_8_34,indicator,2.0,2.0,1.0,6,3,50.0,-1.76,-0.35,0,5
BTCXAUm,1m,sma_cross_13_34,indicator,2.0,2.0,1.0,6,3,50.0,-1.76,-0.35,0,5
BTCXAUm,1m,sma_cross_8_20,indicator,2.0,2.0,1.0,6,3,50.0,-1.76,-0.35,0,5
BTCXAUm,1m,rsi_trend_35_65,regime,2.0,2.0,1.0,6,3,50.0,-1.8,-0.36,0,5
BTCXAUm,1m,donchian_break_20_k0.2,structure,2.0,2.0,1.0,6,3,50.0,-1.92,-0.38,0,5
BTCXAUm,1m,donchian_break_50_k0.2,structure,2.0,2.0,1.0,6,3,50.0,-1.92,-0.38,0,5
BTCXAUm,1m,donchian_break_20_k0.4,structure,2.0,2.0,1.0,6,3,50.0,-1.93,-0.39,0,5
BTCXAUm,1m,donchian_break_20_k0.6,structure,2.0,2.0,1.0,6,3,50.0,-1.98,-0.4,0,5
BTCXAUm,1m,rsi_revert_40_60,regime,2.0,2.0,1.0,6,2,33.33,-2.92,-0.49,0,6
BTCXAUm,1m,z_revert_0.8,volatility,2.0,2.0,1.0,6,2,33.33,-2.92,-0.49,0,6
BTCXAUm,1m,z_revert_1.0,volatility,2.0,2.0,1.0,6,2,33.33,-2.92,-0.49,0,6
BTCXAUm,1m,z_revert_1.2,volatility,2.0,2.0,1.0,6,2,33.33,-2.92,-0.49,0,6
BTCXAUm,1m,rsi_revert_25_75,regime,2.0,2.0,1.0,6,2,33.33,-3.5,-0.58,0,6
BTCXAUm,1m,rsi_trend_30_70,regime,2.0,2.0,1.0,5,1,20.0,-2.68,-0.67,0,4
BTCXAUm,1m,rsi_trend_25_75,regime,2.0,2.0,1.0,6,2,33.33,-5.36,-0.89,0,6
BTCXAUm,3m,ema_cross_5_20,indicator,2.0,2.0,1.0,4,4,100.0,9.12,2.28,0,4
BTCXAUm,3m,sma_cross_8_34,indicator,2.0,2.0,1.0,4,4,100.0,9.12,2.28,0,4
BTCXAUm,3m,sma_cross_13_34,indicator,2.0,2.0,1.0,4,4,100.0,9.12,2.28,0,4
BTCXAUm,3m,sma_cross_8_20,indicator,2.0,2.0,1.0,4,4,100.0,9.12,2.28,0,4
BTCXAUm,3m,rsi_trend_40_60,regime,2.0,2.0,1.0,4,4,100.0,9.11,2.28,0,4
BTCXAUm,3m,donchian_break_20_k0.6,structure,2.0,2.0,1.0,4,4,100.0,9.11,2.28,0,4
BTCXAUm,3m,donchian_break_20_k1.0,structure,2.0,2.0,1.0,4,4,100.0,9.11,2.28,0,4
BTCXAUm,3m,z_break_0.8,volatility,2.0,2.0,1.0,4,4,100.0,9.12,2.28,0,4
BTCXAUm,3m,z_break_1.0,volatility,2.0,2.0,1.0,4,4,100.0,9.12,2.28,0,4
BTCXAUm,3m,z_break_1.2,volatility,2.0,2.0,1.0,4,4,100.0,9.11,2.28,0,4
BTCXAUm,3m,z_break_1.5,volatility,2.0,2.0,1.0,4,4,100.0,9.11,2.28,0,4
BTCXAUm,3m,rsi_trend_35_65,regime,2.0,2.0,1.0,4,4,100.0,9.09,2.27,0,4
BTCXAUm,3m,donchian_break_20_k0.4,structure,2.0,2.0,1.0,4,4,100.0,9.08,2.27,0,4
BTCXAUm,3m,donchian_break_50_k1.0,structure,2.0,2.0,1.0,4,4,100.0,9.09,2.27,0,4
BTCXAUm,3m,donchian_break_20_k0.2,structure,2.0,2.0,1.0,4,4,100.0,9.03,2.26,0,4
BTCXAUm,3m,rsi_trend_20_80,regime,2.0,2.0,1.0,4,2,50.0,3.02,0.76,0,4
BTCXAUm,3m,sma_cross_5_20,indicator,2.0,2.0,1.0,6,4,66.67,2.62,0.44,0,6
BTCXAUm,3m,ema_cross_8_34,indicator,2.0,2.0,1.0,6,4,66.67,2.62,0.44,0,6
BTCXAUm,3m,ema_cross_10_50,indicator,2.0,2.0,1.0,6,4,66.67,2.62,0.44,0,6
BTCXAUm,3m,sma_cross_10_50,indicator,2.0,2.0,1.0,6,4,66.67,2.62,0.44,0,6
BTCXAUm,3m,ema_cross_13_34,indicator,2.0,2.0,1.0,6,4,66.67,2.62,0.44,0,6
BTCXAUm,3m,ema_cross_5_50,indicator,2.0,2.0,1.0,6,4,66.67,2.62,0.44,0,6
BTCXAUm,3m,sma_cross_5_50,indicator,2.0,2.0,1.0,6,4,66.67,2.62,0.44,0,6
BTCXAUm,3m,ema_cross_8_20,indicator,2.0,2.0,1.0,6,4,66.67,2.62,0.44,0,6
BTCXAUm,3m,rsi_revert_30_70,regime,2.0,2.0,1.0,5,3,60.0,2.19,0.44,0,5
BTCXAUm,3m,donchian_break_50_k0.6,structure,2.0,2.0,1.0,6,4,66.67,2.62,0.44,0,6
BTCXAUm,3m,donchian_break_50_k0.4,structure,2.0,2.0,1.0,6,4,66.67,2.58,0.43,0,6
BTCXAUm,3m,engulfing_body_0.35,pattern,2.0,2.0,1.0,6,3,50.0,2.37,0.4,0,6
BTCXAUm,3m,engulfing_body_0.5,pattern,2.0,2.0,1.0,6,3,50.0,2.37,0.4,0,6
BTCXAUm,3m,rsi_revert_25_75,regime,2.0,2.0,1.0,5,2,40.0,1.23,0.25,0,5
BTCXAUm,3m,donchian_break_20_k0.0,structure,2.0,2.0,1.0,0,0,0.0,0.0,0.0,0,0
BTCXAUm,3m,donchian_break_50_k0.0,structure,2.0,2.0,1.0,0,0,0.0,0.0,0.0,0,0
BTCXAUm,3m,pressure_thrust_0.2,custom,2.0,2.0,1.0,0,0,0.0,0.0,0.0,0,0
BTCXAUm,3m,pressure_thrust_0.35,custom,2.0,2.0,1.0,0,0,0.0,0.0,0.0,0,0
BTCXAUm,3m,pressure_thrust_0.5,custom,2.0,2.0,1.0,0,0,0.0,0.0,0.0,0,0
BTCXAUm,3m,pressure_thrust_0.65,custom,2.0,2.0,1.0,0,0,0.0,0.0,0.0,0,0
BTCXAUm,3m,pressure_thrust_0.8,custom,2.0,2.0,1.0,0,0,0.0,0.0,0.0,0,0
BTCXAUm,3m,engulfing_body_0.8,pattern,2.0,2.0,1.0,6,3,50.0,-0.08,-0.01,0,6
BTCXAUm,3m,donchian_break_50_k0.2,structure,2.0,2.0,1.0,6,3,50.0,-0.12,-0.02,0,6
BTCXAUm,3m,rsi_revert_20_80,regime,2.0,2.0,1.0,5,2,40.0,-3.2,-0.64,0,5
BTCXAUm,3m,engulfing_body_0.2,pattern,2.0,2.0,1.0,7,2,28.57,-5.63,-0.8,0,7
BTCXAUm,3m,z_revert_1.5,volatility,2.0,2.0,1.0,7,2,28.57,-5.78,-0.83,0,7
BTCXAUm,3m,rsi_revert_35_65,regime,2.0,2.0,1.0,7,2,28.57,-5.86,-0.84,0,7
BTCXAUm,3m,rsi_revert_40_60,regime,2.0,2.0,1.0,7,2,28.57,-5.86,-0.84,0,7
BTCXAUm,3m,z_revert_0.8,volatility,2.0,2.0,1.0,7,2,28.57,-5.86,-0.84,0,7
BTCXAUm,3m,z_revert_1.0,volatility,2.0,2.0,1.0,7,2,28.57,-5.86,-0.84,0,7
BTCXAUm,3m,z_revert_1.2,volatility,2.0,2.0,1.0,7,2,28.57,-5.86,-0.84,0,7
BTCXAUm,3m,rsi_trend_30_70,regime,2.0,2.0,1.0,6,1,16.67,-6.2,-1.03,0,6
BTCXAUm,3m,rsi_trend_25_75,regime,2.0,2.0,1.0,8,2,25.0,-8.41,-1.05,0,8
BTCXAUm,3m,engulfing_body_0.65,pattern,2.0,2.0,1.0,7,2,28.57,-7.99,-1.14,0,7
BTCXAUm,5m,sma_cross_8_34,indicator,2.0,2.0,1.0,4,4,100.0,9.17,2.29,0,4
BTCXAUm,5m,ema_cross_10_50,indicator,2.0,2.0,1.0,4,4,100.0,9.17,2.29,0,4
BTCXAUm,5m,sma_cross_10_50,indicator,2.0,2.0,1.0,4,4,100.0,9.17,2.29,0,4
BTCXAUm,5m,sma_cross_13_34,indicator,2.0,2.0,1.0,4,4,100.0,9.17,2.29,0,4
BTCXAUm,5m,sma_cross_5_50,indicator,2.0,2.0,1.0,4,4,100.0,9.17,2.29,0,4
BTCXAUm,5m,engulfing_body_0.5,pattern,2.0,2.0,1.0,4,4,100.0,9.07,2.27,0,4
BTCXAUm,5m,donchian_break_50_k0.2,structure,2.0,2.0,1.0,4,4,100.0,9.03,2.26,0,4
BTCXAUm,5m,engulfing_body_0.65,pattern,2.0,2.0,1.0,4,3,75.0,7.21,1.8,0,4
BTCXAUm,5m,rsi_revert_20_80,regime,2.0,2.0,1.0,4,2,50.0,3.15,0.79,0,4
BTCXAUm,5m,rsi_trend_20_80,regime,2.0,2.0,1.0,5,3,60.0,3.15,0.63,0,5
BTCXAUm,5m,rsi_trend_35_65,regime,2.0,2.0,1.0,6,4,66.67,2.66,0.44,0,6
BTCXAUm,5m,ema_cross_5_20,indicator,2.0,2.0,1.0,6,4,66.67,2.61,0.43,0,6
BTCXAUm,5m,sma_cross_5_20,indicator,2.0,2.0,1.0,6,4,66.67,2.61,0.43,0,6
BTCXAUm,5m,ema_cross_8_34,indicator,2.0,2.0,1.0,6,4,66.67,2.61,0.43,0,6
BTCXAUm,5m,ema_cross_13_34,indicator,2.0,2.0,1.0,6,4,66.67,2.61,0.43,0,6
BTCXAUm,5m,ema_cross_5_50,indicator,2.0,2.0,1.0,6,4,66.67,2.61,0.43,0,6
BTCXAUm,5m,ema_cross_8_20,indicator,2.0,2.0,1.0,6,4,66.67,2.61,0.43,0,6
BTCXAUm,5m,sma_cross_8_20,indicator,2.0,2.0,1.0,6,4,66.67,2.61,0.43,0,6
BTCXAUm,5m,rsi_trend_40_60,regime,2.0,2.0,1.0,6,4,66.67,2.61,0.43,0,6
BTCXAUm,5m,donchian_break_20_k0.6,structure,2.0,2.0,1.0,6,4,66.67,2.56,0.43,0,6
BTCXAUm,5m,donchian_break_20_k1.0,structure,2.0,2.0,1.0,6,4,66.67,2.56,0.43,0,6
BTCXAUm,5m,donchian_break_50_k0.4,structure,2.0,2.0,1.0,6,4,66.67,2.58,0.43,0,6
BTCXAUm,5m,donchian_break_50_k0.6,structure,2.0,2.0,1.0,6,4,66.67,2.61,0.43,0,6
BTCXAUm,5m,donchian_break_50_k1.0,structure,2.0,2.0,1.0,6,4,66.67,2.61,0.43,0,6
BTCXAUm,5m,z_break_0.8,volatility,2.0,2.0,1.0,6,4,66.67,2.61,0.43,0,6
BTCXAUm,5m,z_break_1.0,volatility,2.0,2.0,1.0,6,4,66.67,2.61,0.43,0,6
BTCXAUm,5m,z_break_1.2,volatility,2.0,2.0,1.0,6,4,66.67,2.61,0.43,0,6
BTCXAUm,5m,z_break_1.5,volatility,2.0,2.0,1.0,6,4,66.67,2.6,0.43,0,6
BTCXAUm,5m,donchian_break_20_k0.2,structure,2.0,2.0,1.0,6,4,66.67,2.52,0.42,0,6
BTCXAUm,5m,donchian_break_20_k0.4,structure,2.0,2.0,1.0,6,4,66.67,2.53,0.42,0,6
BTCXAUm,5m,z_revert_1.5,volatility,2.0,2.0,1.0,6,3,50.0,2.31,0.38,0,6
BTCXAUm,5m,rsi_revert_35_65,regime,2.0,2.0,1.0,6,3,50.0,2.21,0.37,0,6
BTCXAUm,5m,rsi_revert_40_60,regime,2.0,2.0,1.0,6,3,50.0,2.21,0.37,0,6
BTCXAUm,5m,z_revert_0.8,volatility,2.0,2.0,1.0,6,3,50.0,2.21,0.37,0,6
BTCXAUm,5m,z_revert_1.0,volatility,2.0,2.0,1.0,6,3,50.0,2.21,0.37,0,6
BTCXAUm,5m,z_revert_1.2,volatility,2.0,2.0,1.0,6,3,50.0,2.21,0.37,0,6
BTCXAUm,5m,rsi_revert_30_70,regime,2.0,2.0,1.0,5,2,40.0,1.25,0.25,0,5
BTCXAUm,5m,engulfing_body_0.2,pattern,2.0,2.0,1.0,5,3,60.0,1.07,0.21,0,5
BTCXAUm,5m,engulfing_body_0.35,pattern,2.0,2.0,1.0,5,3,60.0,1.07,0.21,0,5
BTCXAUm,5m,donchian_break_20_k0.0,structure,2.0,2.0,1.0,0,0,0.0,0.0,0.0,0,0
BTCXAUm,5m,donchian_break_50_k0.0,structure,2.0,2.0,1.0,0,0,0.0,0.0,0.0,0,0
BTCXAUm,5m,pressure_thrust_0.2,custom,2.0,2.0,1.0,0,0,0.0,0.0,0.0,0,0
BTCXAUm,5m,pressure_thrust_0.35,custom,2.0,2.0,1.0,0,0,0.0,0.0,0.0,0,0
BTCXAUm,5m,pressure_thrust_0.5,custom,2.0,2.0,1.0,0,0,0.0,0.0,0.0,0,0
BTCXAUm,5m,pressure_thrust_0.65,custom,2.0,2.0,1.0,0,0,0.0,0.0,0.0,0,0
BTCXAUm,5m,pressure_thrust_0.8,custom,2.0,2.0,1.0,0,0,0.0,0.0,0.0,0,0
BTCXAUm,5m,rsi_trend_25_75,regime,2.0,2.0,1.0,6,2,33.33,-1.14,-0.19,0,6
BTCXAUm,5m,engulfing_body_0.8,pattern,2.0,2.0,1.0,7,3,42.86,-3.54,-0.51,0,7
BTCXAUm,5m,rsi_revert_25_75,regime,2.0,2.0,1.0,5,1,20.0,-5.22,-1.04,0,5
BTCXAUm,5m,rsi_trend_30_70,regime,2.0,2.0,1.0,6,1,16.67,-6.29,-1.05,0,6
ETHUSDm,1m,z_revert_0.8,volatility,2.0,2.0,1.0,18702,8893,47.55,8699.4,138.09,59,63
ETHUSDm,1m,z_revert_1.0,volatility,2.0,2.0,1.0,16670,7942,47.64,7836.17,124.38,62,63
ETHUSDm,1m,z_revert_1.2,volatility,2.0,2.0,1.0,14665,7070,48.21,7249.07,115.06,60,63
ETHUSDm,1m,rsi_revert_40_60,regime,2.0,2.0,1.0,12505,6135,49.06,7048.41,111.88,61,63
ETHUSDm,1m,sma_cross_10_50,indicator,2.0,2.0,1.0,24191,10272,42.46,6213.16,98.62,53,63
ETHUSDm,1m,z_revert_1.5,volatility,2.0,2.0,1.0,11458,5541,48.36,5935.11,94.21,61,63
ETHUSDm,1m,sma_cross_13_34,indicator,2.0,2.0,1.0,24224,10196,42.09,5792.92,91.95,49,63
ETHUSDm,1m,sma_cross_8_20,indicator,2.0,2.0,1.0,24224,10176,42.01,5668.78,89.98,42,63
ETHUSDm,1m,sma_cross_8_34,indicator,2.0,2.0,1.0,24236,10187,42.03,5630.06,89.37,49,63
ETHUSDm,1m,ema_cross_10_50,indicator,2.0,2.0,1.0,24219,10135,41.85,5606.01,88.98,41,63
ETHUSDm,1m,sma_cross_5_20,indicator,2.0,2.0,1.0,24254,10139,41.8,5576.03,88.51,42,63
ETHUSDm,1m,ema_cross_5_50,indicator,2.0,2.0,1.0,24264,10121,41.71,5518.9,87.6,38,63
ETHUSDm,1m,sma_cross_5_50,indicator,2.0,2.0,1.0,24265,10141,41.79,5446.05,86.45,42,63
ETHUSDm,1m,ema_cross_8_34,indicator,2.0,2.0,1.0,24262,10120,41.71,5395.92,85.65,41,63
ETHUSDm,1m,ema_cross_13_34,indicator,2.0,2.0,1.0,24263,10115,41.69,5387.27,85.51,42,63
ETHUSDm,1m,ema_cross_8_20,indicator,2.0,2.0,1.0,24284,10097,41.58,5291.23,83.99,37,63
ETHUSDm,1m,ema_cross_5_20,indicator,2.0,2.0,1.0,24287,10047,41.37,5107.34,81.07,38,63
ETHUSDm,1m,rsi_revert_35_65,regime,2.0,2.0,1.0,7025,3464,49.31,4423.75,70.22,57,63
ETHUSDm,1m,z_break_0.8,volatility,2.0,2.0,1.0,18307,7385,40.34,3352.23,53.21,36,63
ETHUSDm,1m,z_break_1.0,volatility,2.0,2.0,1.0,16150,6496,40.22,3056.68,48.52,33,63
ETHUSDm,1m,donchian_break_20_k1.0,structure,2.0,2.0,1.0,13177,5343,40.55,2956.31,46.93,38,63
ETHUSDm,1m,z_break_1.2,volatility,2.0,2.0,1.0,13926,5576,40.04,2701.65,42.88,33,63
ETHUSDm,1m,rsi_revert_30_70,regime,2.0,2.0,1.0,3399,1677,49.34,2361.69,37.49,47,63
ETHUSDm,1m,donchian_break_50_k1.0,structure,2.0,2.0,1.0,7390,2923,39.55,1991.42,31.61,31,63
ETHUSDm,1m,z_break_1.5,volatility,2.0,2.0,1.0,10691,4246,39.72,1979.9,31.43,31,63
ETHUSDm,1m,rsi_trend_40_60,regime,2.0,2.0,1.0,12133,4692,38.67,1906.73,30.27,29,63
ETHUSDm,1m,rsi_trend_35_65,regime,2.0,2.0,1.0,6656,2579,38.75,1668.82,26.49,28,63
ETHUSDm,1m,rsi_revert_25_75,regime,2.0,2.0,1.0,1428,715,50.07,1299.08,20.95,25,62
ETHUSDm,1m,donchian_break_20_k0.6,structure,2.0,2.0,1.0,9025,3550,39.34,1305.99,20.73,26,63
ETHUSDm,1m,rsi_trend_30_70,regime,2.0,2.0,1.0,3240,1240,38.27,965.07,15.32,22,63
ETHUSDm,1m,donchian_break_50_k0.6,structure,2.0,2.0,1.0,4848,1884,38.86,906.47,14.39,25,63
ETHUSDm,1m,engulfing_body_0.35,pattern,2.0,2.0,1.0,4270,1832,42.9,850.68,13.5,26,63
ETHUSDm,1m,engulfing_body_0.2,pattern,2.0,2.0,1.0,4442,1891,42.57,843.32,13.39,25,63
ETHUSDm,1m,engulfing_body_0.5,pattern,2.0,2.0,1.0,3831,1655,43.2,828.69,13.15,23,63
ETHUSDm,1m,rsi_revert_20_80,regime,2.0,2.0,1.0,518,263,50.77,646.77,10.43,8,62
ETHUSDm,1m,engulfing_body_0.65,pattern,2.0,2.0,1.0,3021,1303,43.13,598.82,9.51,17,63
ETHUSDm,1m,rsi_trend_25_75,regime,2.0,2.0,1.0,1368,518,37.87,542.57,8.75,14,62
ETHUSDm,1m,donchian_break_20_k0.4,structure,2.0,2.0,1.0,6893,2644,38.36,545.69,8.66,19,63
ETHUSDm,1m,engulfing_body_0.8,pattern,2.0,2.0,1.0,1921,847,44.09,470.92,7.47,12,63
ETHUSDm,1m,donchian_break_50_k0.4,structure,2.0,2.0,1.0,3623,1362,37.59,386.11,6.13,14,63
ETHUSDm,1m,rsi_trend_20_80,regime,2.0,2.0,1.0,510,198,38.82,349.4,5.64,10,62
ETHUSDm,1m,donchian_break_20_k0.2,structure,2.0,2.0,1.0,4292,1640,38.21,200.2,3.18,13,63
ETHUSDm,1m,donchian_break_50_k0.2,structure,2.0,2.0,1.0,2125,781,36.75,57.06,0.91,5,63
ETHUSDm,1m,donchian_break_20_k0.0,structure,2.0,2.0,1.0,0,0,0.0,0.0,0.0,0,0
ETHUSDm,1m,donchian_break_50_k0.0,structure,2.0,2.0,1.0,0,0,0.0,0.0,0.0,0,0
ETHUSDm,1m,pressure_thrust_0.2,custom,2.0,2.0,1.0,0,0,0.0,0.0,0.0,0,0
ETHUSDm,1m,pressure_thrust_0.35,custom,2.0,2.0,1.0,0,0,0.0,0.0,0.0,0,0
ETHUSDm,1m,pressure_thrust_0.5,custom,2.0,2.0,1.0,0,0,0.0,0.0,0.0,0,0
ETHUSDm,1m,pressure_thrust_0.65,custom,2.0,2.0,1.0,0,0,0.0,0.0,0.0,0,0
ETHUSDm,1m,pressure_thrust_0.8,custom,2.0,2.0,1.0,0,0,0.0,0.0,0.0,0,0
ETHUSDm,3m,sma_cross_13_34,indicator,2.0,2.0,1.0,16638,7048,42.36,8333.5,91.58,74,91
ETHUSDm,3m,ema_cross_13_34,indicator,2.0,2.0,1.0,16688,6994,41.91,8191.94,90.02,68,91
ETHUSDm,3m,ema_cross_10_50,indicator,2.0,2.0,1.0,16688,6983,41.84,8144.4,89.5,70,91
ETHUSDm,3m,sma_cross_10_50,indicator,2.0,2.0,1.0,16658,6977,41.88,8004.44,87.96,72,91
ETHUSDm,3m,sma_cross_8_34,indicator,2.0,2.0,1.0,16688,6982,41.84,7974.31,87.63,70,91
ETHUSDm,3m,ema_cross_5_50,indicator,2.0,2.0,1.0,16721,6942,41.52,7882.27,86.62,69,91
ETHUSDm,3m,ema_cross_8_20,indicator,2.0,2.0,1.0,16715,6889,41.21,7811.27,85.84,66,91
ETHUSDm,3m,ema_cross_8_34,indicator,2.0,2.0,1.0,16716,6936,41.49,7775.01,85.44,69,91
ETHUSDm,3m,sma_cross_8_20,indicator,2.0,2.0,1.0,16677,6941,41.62,7744.2,85.1,73,91
ETHUSDm,3m,sma_cross_5_50,indicator,2.0,2.0,1.0,16700,6922,41.45,7683.41,84.43,68,91
ETHUSDm,3m,sma_cross_5_20,indicator,2.0,2.0,1.0,16713,6912,41.36,7635.72,83.91,69,91
ETHUSDm,3m,ema_cross_5_20,indicator,2.0,2.0,1.0,16696,6839,40.96,7594.05,83.45,70,91
ETHUSDm,3m,z_revert_0.8,volatility,2.0,2.0,1.0,12055,5672,47.05,7561.03,83.09,83,91
ETHUSDm,3m,z_revert_1.0,volatility,2.0,2.0,1.0,10457,4959,47.42,6635.94,72.92,81,91
ETHUSDm,3m,rsi_revert_40_60,regime,2.0,2.0,1.0,7557,3680,48.7,5939.9,65.27,82,91
ETHUSDm,3m,z_revert_1.2,volatility,2.0,2.0,1.0,8878,4188,47.17,5695.35,62.59,76,91
ETHUSDm,3m,z_break_0.8,volatility,2.0,2.0,1.0,11837,4744,40.08,5600.31,61.54,60,91
ETHUSDm,3m,z_revert_1.5,volatility,2.0,2.0,1.0,6565,3179,48.42,4708.94,51.75,73,91
ETHUSDm,3m,z_break_1.0,volatility,2.0,2.0,1.0,10175,4032,39.63,4565.22,50.17,57,91
ETHUSDm,3m,z_break_1.2,volatility,2.0,2.0,1.0,8577,3387,39.49,4196.85,46.12,56,91
ETHUSDm,3m,donchian_break_20_k1.0,structure,2.0,2.0,1.0,7978,3155,39.55,4124.28,45.32,60,91
ETHUSDm,3m,rsi_revert_35_65,regime,2.0,2.0,1.0,3979,2010,50.52,4094.34,44.99,70,91
ETHUSDm,3m,rsi_trend_40_60,regime,2.0,2.0,1.0,7387,2814,38.09,3290.95,36.16,55,91
ETHUSDm,3m,z_break_1.5,volatility,2.0,2.0,1.0,6286,2431,38.67,3130.16,34.4,49,91
ETHUSDm,3m,donchian_break_50_k1.0,structure,2.0,2.0,1.0,4128,1573,38.11,2485.86,27.32,45,91
ETHUSDm,3m,rsi_trend_35_65,regime,2.0,2.0,1.0,3906,1460,37.38,2439.43,26.81,41,91
ETHUSDm,3m,donchian_break_20_k0.6,structure,2.0,2.0,1.0,4810,1877,39.02,2435.57,26.76,50,91
ETHUSDm,3m,rsi_revert_30_70,regime,2.0,2.0,1.0,1849,947,51.22,2149.56,23.88,44,90
ETHUSDm,3m,donchian_break_50_k0.6,structure,2.0,2.0,1.0,2318,885,38.18,1731.94,19.03,34,91
ETHUSDm,3m,donchian_break_20_k0.4,structure,2.0,2.0,1.0,3313,1261,38.06,1465.79,16.11,31,91
ETHUSDm,3m,rsi_trend_30_70,regime,2.0,2.0,1.0,1827,665,36.4,1446.82,16.08,30,90
ETHUSDm,3m,rsi_revert_25_75,regime,2.0,2.0,1.0,748,407,54.41,1311.13,14.73,23,89
ETHUSDm,3m,engulfing_body_0.2,pattern,2.0,2.0,1.0,2314,952,41.14,917.44,10.19,22,90
ETHUSDm,3m,donchian_break_50_k0.4,structure,2.0,2.0,1.0,1575,570,36.19,906.11,9.96,20,91
ETHUSDm,3m,engulfing_body_0.35,pattern,2.0,2.0,1.0,2202,895,40.64,794.31,8.83,19,90
ETHUSDm,3m,engulfing_body_0.5,pattern,2.0,2.0,1.0,1898,760,40.04,634.31,7.05,15,90
ETHUSDm,3m,donchian_break_20_k0.2,structure,2.0,2.0,1.0,1743,645,37.01,593.21,6.52,13,91
ETHUSDm,3m,rsi_trend_25_75,regime,2.0,2.0,1.0,749,251,33.51,578.44,6.5,13,89
ETHUSDm,3m,rsi_trend_20_80,regime,2.0,2.0,1.0,251,102,40.64,464.15,6.45,8,72
ETHUSDm,3m,rsi_revert_20_80,regime,2.0,2.0,1.0,251,127,50.6,460.11,6.39,7,72
ETHUSDm,3m,engulfing_body_0.65,pattern,2.0,2.0,1.0,1375,553,40.22,505.3,5.61,9,90
ETHUSDm,3m,donchian_break_50_k0.2,structure,2.0,2.0,1.0,789,278,35.23,414.0,4.55,8,91
ETHUSDm,3m,engulfing_body_0.8,pattern,2.0,2.0,1.0,728,304,41.76,324.75,3.61,4,90
ETHUSDm,3m,donchian_break_20_k0.0,structure,2.0,2.0,1.0,0,0,0.0,0.0,0.0,0,0
ETHUSDm,3m,donchian_break_50_k0.0,structure,2.0,2.0,1.0,0,0,0.0,0.0,0.0,0,0
ETHUSDm,3m,pressure_thrust_0.2,custom,2.0,2.0,1.0,0,0,0.0,0.0,0.0,0,0
ETHUSDm,3m,pressure_thrust_0.35,custom,2.0,2.0,1.0,0,0,0.0,0.0,0.0,0,0
ETHUSDm,3m,pressure_thrust_0.5,custom,2.0,2.0,1.0,0,0,0.0,0.0,0.0,0,0
ETHUSDm,3m,pressure_thrust_0.65,custom,2.0,2.0,1.0,0,0,0.0,0.0,0.0,0,0
ETHUSDm,3m,pressure_thrust_0.8,custom,2.0,2.0,1.0,0,0,0.0,0.0,0.0,0,0
ETHUSDm,5m,sma_cross_8_34,indicator,2.0,2.0,1.0,11199,4681,41.8,7647.8,84.98,74,90
ETHUSDm,5m,sma_cross_13_34,indicator,2.0,2.0,1.0,11201,4719,42.13,7607.39,84.53,74,90
ETHUSDm,5m,sma_cross_8_20,indicator,2.0,2.0,1.0,11212,4654,41.51,7532.04,83.69,71,90
ETHUSDm,5m,sma_cross_10_50,indicator,2.0,2.0,1.0,11210,4720,42.11,7514.17,83.49,76,90
ETHUSDm,5m,ema_cross_10_50,indicator,2.0,2.0,1.0,11241,4678,41.62,7467.92,82.98,70,90
ETHUSDm,5m,sma_cross_5_20,indicator,2.0,2.0,1.0,11204,4632,41.34,7395.98,82.18,68,90
ETHUSDm,5m,ema_cross_8_20,indicator,2.0,2.0,1.0,11204,4621,41.24,7380.81,82.01,70,90
ETHUSDm,5m,ema_cross_8_34,indicator,2.0,2.0,1.0,11221,4619,41.16,7356.73,81.74,68,90
ETHUSDm,5m,ema_cross_13_34,indicator,2.0,2.0,1.0,11235,4650,41.39,7352.39,81.69,71,90
ETHUSDm,5m,ema_cross_5_50,indicator,2.0,2.0,1.0,11230,4603,40.99,7228.01,80.31,67,90
ETHUSDm,5m,sma_cross_5_50,indicator,2.0,2.0,1.0,11207,4630,41.31,7055.28,78.39,68,90
ETHUSDm,5m,ema_cross_5_20,indicator,2.0,2.0,1.0,11226,4569,40.7,7026.55,78.07,67,90
ETHUSDm,5m,z_revert_0.8,volatility,2.0,2.0,1.0,7864,3722,47.33,6797.14,75.52,82,90
ETHUSDm,5m,z_revert_1.0,volatility,2.0,2.0,1.0,6718,3181,47.35,5786.61,64.3,79,90
ETHUSDm,5m,z_break_0.8,volatility,2.0,2.0,1.0,7798,3113,39.92,5621.85,62.47,64,90
ETHUSDm,5m,z_revert_1.2,volatility,2.0,2.0,1.0,5621,2727,48.51,5300.3,58.89,76,90
ETHUSDm,5m,rsi_revert_40_60,regime,2.0,2.0,1.0,4882,2394,49.04,5077.25,56.41,76,90
ETHUSDm,5m,z_break_1.0,volatility,2.0,2.0,1.0,6646,2627,39.53,5052.16,56.14,60,90
ETHUSDm,5m,donchian_break_20_k1.0,structure,2.0,2.0,1.0,5220,2056,39.39,4139.78,46.0,52,90
ETHUSDm,5m,z_revert_1.5,volatility,2.0,2.0,1.0,4066,1982,48.75,4035.53,44.84,72,90
ETHUSDm,5m,z_break_1.2,volatility,2.0,2.0,1.0,5539,2147,38.76,3793.79,42.15,54,90
ETHUSDm,5m,rsi_trend_40_60,regime,2.0,2.0,1.0,4872,1864,38.26,3653.03,40.59,53,90
ETHUSDm,5m,rsi_revert_35_65,regime,2.0,2.0,1.0,2517,1274,50.62,3355.26,37.28,63,90
ETHUSDm,5m,z_break_1.5,volatility,2.0,2.0,1.0,3983,1513,37.99,2797.5,31.08,46,90
ETHUSDm,5m,donchian_break_50_k1.0,structure,2.0,2.0,1.0,2523,958,37.97,2587.57,28.75,45,90
ETHUSDm,5m,donchian_break_20_k0.6,structure,2.0,2.0,1.0,2975,1164,39.13,2277.74,25.31,45,90
ETHUSDm,5m,rsi_trend_35_65,regime,2.0,2.0,1.0,2505,925,36.93,1988.43,22.09,34,90
ETHUSDm,5m,rsi_revert_30_70,regime,2.0,2.0,1.0,1183,589,49.79,1733.72,19.26,33,90
ETHUSDm,5m,rsi_trend_30_70,regime,2.0,2.0,1.0,1177,458,38.91,1606.77,17.85,29,90
ETHUSDm,5m,donchian_break_50_k0.6,structure,2.0,2.0,1.0,1347,515,38.23,1407.15,15.64,29,90
ETHUSDm,5m,donchian_break_20_k0.4,structure,2.0,2.0,1.0,1937,729,37.64,1287.74,14.31,28,90
ETHUSDm,5m,engulfing_body_0.2,pattern,2.0,2.0,1.0,1433,605,42.22,1137.47,12.64,24,90
ETHUSDm,5m,engulfing_body_0.35,pattern,2.0,2.0,1.0,1351,567,41.97,1123.18,12.48,23,90
ETHUSDm,5m,engulfing_body_0.5,pattern,2.0,2.0,1.0,1141,489,42.86,1079.93,12.0,19,90
ETHUSDm,5m,rsi_revert_25_75,regime,2.0,2.0,1.0,494,250,50.61,897.7,10.32,15,87
ETHUSDm,5m,rsi_trend_25_75,regime,2.0,2.0,1.0,491,195,39.71,846.71,9.73,17,87
ETHUSDm,5m,donchian_break_50_k0.4,structure,2.0,2.0,1.0,839,312,37.19,801.06,8.9,16,90
ETHUSDm,5m,engulfing_body_0.65,pattern,2.0,2.0,1.0,772,322,41.71,730.87,8.12,13,90
ETHUSDm,5m,donchian_break_20_k0.2,structure,2.0,2.0,1.0,922,331,35.9,676.31,7.51,16,90
ETHUSDm,5m,rsi_trend_20_80,regime,2.0,2.0,1.0,174,72,41.38,414.82,6.91,9,60
ETHUSDm,5m,rsi_revert_20_80,regime,2.0,2.0,1.0,174,86,49.43,348.7,5.81,4,60
ETHUSDm,5m,donchian_break_50_k0.2,structure,2.0,2.0,1.0,380,140,36.84,483.06,5.62,11,86
ETHUSDm,5m,engulfing_body_0.8,pattern,2.0,2.0,1.0,351,147,41.88,378.3,4.25,7,89
ETHUSDm,5m,donchian_break_20_k0.0,structure,2.0,2.0,1.0,0,0,0.0,0.0,0.0,0,0
ETHUSDm,5m,donchian_break_50_k0.0,structure,2.0,2.0,1.0,0,0,0.0,0.0,0.0,0,0
ETHUSDm,5m,pressure_thrust_0.2,custom,2.0,2.0,1.0,0,0,0.0,0.0,0.0,0,0
ETHUSDm,5m,pressure_thrust_0.35,custom,2.0,2.0,1.0,0,0,0.0,0.0,0.0,0,0
ETHUSDm,5m,pressure_thrust_0.5,custom,2.0,2.0,1.0,0,0,0.0,0.0,0.0,0,0
ETHUSDm,5m,pressure_thrust_0.65,custom,2.0,2.0,1.0,0,0,0.0,0.0,0.0,0,0
ETHUSDm,5m,pressure_thrust_0.8,custom,2.0,2.0,1.0,0,0,0.0,0.0,0.0,0,0
USDJPYm,1m,engulfing_body_0.8,pattern,2.0,2.0,1.0,9,5,55.56,7.71,0.86,0,9
USDJPYm,1m,engulfing_body_0.5,pattern,2.0,2.0,1.0,9,5,55.56,7.57,0.84,0,9
USDJPYm,1m,engulfing_body_0.65,pattern,2.0,2.0,1.0,9,5,55.56,7.44,0.83,0,9
USDJPYm,1m,sma_cross_5_20,indicator,2.0,2.0,1.0,12,8,66.67,7.01,0.58,0,12
USDJPYm,1m,z_break_0.8,volatility,2.0,2.0,1.0,12,8,66.67,7.0,0.58,0,12
USDJPYm,1m,z_break_1.0,volatility,2.0,2.0,1.0,12,8,66.67,7.0,0.58,0,12
USDJPYm,1m,z_break_1.2,volatility,2.0,2.0,1.0,12,8,66.67,7.0,0.58,0,12
USDJPYm,1m,rsi_trend_20_80,regime,2.0,2.0,1.0,12,6,50.0,5.94,0.5,0,12
USDJPYm,1m,rsi_revert_25_75,regime,2.0,2.0,1.0,11,6,54.55,4.93,0.45,0,11
USDJPYm,1m,z_revert_1.5,volatility,2.0,2.0,1.0,12,7,58.33,4.97,0.41,0,12
USDJPYm,1m,engulfing_body_0.2,pattern,2.0,2.0,1.0,11,6,54.55,2.99,0.27,0,11
USDJPYm,1m,engulfing_body_0.35,pattern,2.0,2.0,1.0,11,6,54.55,2.99,0.27,0,11
USDJPYm,1m,z_revert_0.8,volatility,2.0,2.0,1.0,10,5,50.0,2.65,0.26,0,10
USDJPYm,1m,z_revert_1.0,volatility,2.0,2.0,1.0,10,5,50.0,2.65,0.26,0,10
USDJPYm,1m,z_revert_1.2,volatility,2.0,2.0,1.0,10,5,50.0,2.65,0.26,0,10
USDJPYm,1m,rsi_revert_20_80,regime,2.0,2.0,1.0,13,7,53.85,2.41,0.19,0,13
USDJPYm,1m,donchian_break_20_k0.0,structure,2.0,2.0,1.0,0,0,0.0,0.0,0.0,0,0
USDJPYm,1m,donchian_break_50_k0.0,structure,2.0,2.0,1.0,0,0,0.0,0.0,0.0,0,0
USDJPYm,1m,pressure_thrust_0.2,custom,2.0,2.0,1.0,0,0,0.0,0.0,0.0,0,0
USDJPYm,1m,pressure_thrust_0.35,custom,2.0,2.0,1.0,0,0,0.0,0.0,0.0,0,0
USDJPYm,1m,pressure_thrust_0.5,custom,2.0,2.0,1.0,0,0,0.0,0.0,0.0,0,0
USDJPYm,1m,pressure_thrust_0.65,custom,2.0,2.0,1.0,0,0,0.0,0.0,0.0,0,0
USDJPYm,1m,pressure_thrust_0.8,custom,2.0,2.0,1.0,0,0,0.0,0.0,0.0,0,0
USDJPYm,1m,donchian_break_20_k0.6,structure,2.0,2.0,1.0,13,7,53.85,-0.74,-0.06,0,13
USDJPYm,1m,donchian_break_50_k0.2,structure,2.0,2.0,1.0,10,5,50.0,-0.88,-0.09,0,10
USDJPYm,1m,donchian_break_20_k1.0,structure,2.0,2.0,1.0,13,7,53.85,-1.62,-0.12,0,13
USDJPYm,1m,rsi_revert_30_70,regime,2.0,2.0,1.0,11,5,45.45,-2.02,-0.18,0,11
USDJPYm,1m,donchian_break_50_k0.4,structure,2.0,2.0,1.0,12,6,50.0,-2.19,-0.18,0,12
USDJPYm,1m,rsi_revert_35_65,regime,2.0,2.0,1.0,11,5,45.45,-2.09,-0.19,0,11
USDJPYm,1m,rsi_revert_40_60,regime,2.0,2.0,1.0,11,5,45.45,-2.14,-0.19,0,11
USDJPYm,1m,rsi_trend_25_75,regime,2.0,2.0,1.0,14,7,50.0,-3.66,-0.26,0,14
USDJPYm,1m,rsi_trend_35_65,regime,2.0,2.0,1.0,13,6,46.15,-5.37,-0.41,0,13
USDJPYm,1m,donchian_break_50_k1.0,structure,2.0,2.0,1.0,13,6,46.15,-5.37,-0.41,0,13
USDJPYm,1m,ema_cross_5_20,indicator,2.0,2.0,1.0,13,6,46.15,-5.46,-0.42,0,13
USDJPYm,1m,ema_cross_8_34,indicator,2.0,2.0,1.0,13,6,46.15,-5.46,-0.42,0,13
USDJPYm,1m,sma_cross_8_34,indicator,2.0,2.0,1.0,13,6,46.15,-5.46,-0.42,0,13
USDJPYm,1m,ema_cross_10_50,indicator,2.0,2.0,1.0,13,6,46.15,-5.46,-0.42,0,13
USDJPYm,1m,sma_cross_10_50,indicator,2.0,2.0,1.0,13,6,46.15,-5.46,-0.42,0,13
USDJPYm,1m,ema_cross_13_34,indicator,2.0,2.0,1.0,13,6,46.15,-5.46,-0.42,0,13
USDJPYm,1m,sma_cross_13_34,indicator,2.0,2.0,1.0,13,6,46.15,-5.46,-0.42,0,13
USDJPYm,1m,ema_cross_5_50,indicator,2.0,2.0,1.0,13,6,46.15,-5.46,-0.42,0,13
USDJPYm,1m,sma_cross_5_50,indicator,2.0,2.0,1.0,13,6,46.15,-5.46,-0.42,0,13
USDJPYm,1m,ema_cross_8_20,indicator,2.0,2.0,1.0,13,6,46.15,-5.46,-0.42,0,13
USDJPYm,1m,sma_cross_8_20,indicator,2.0,2.0,1.0,13,6,46.15,-5.46,-0.42,0,13
USDJPYm,1m,rsi_trend_30_70,regime,2.0,2.0,1.0,13,6,46.15,-5.47,-0.42,0,13
USDJPYm,1m,rsi_trend_40_60,regime,2.0,2.0,1.0,13,6,46.15,-5.46,-0.42,0,13
USDJPYm,1m,donchian_break_50_k0.6,structure,2.0,2.0,1.0,13,6,46.15,-5.41,-0.42,0,13
USDJPYm,1m,z_break_1.5,volatility,2.0,2.0,1.0,13,6,46.15,-5.46,-0.42,0,13
USDJPYm,1m,donchian_break_20_k0.2,structure,2.0,2.0,1.0,10,3,30.0,-11.37,-1.14,0,10
USDJPYm,1m,donchian_break_20_k0.4,structure,2.0,2.0,1.0,10,2,20.0,-11.68,-1.17,0,10
USDJPYm,3m,donchian_break_50_k0.4,structure,2.0,2.0,1.0,11,8,72.73,9.21,0.84,0,11
USDJPYm,3m,engulfing_body_0.2,pattern,2.0,2.0,1.0,10,7,70.0,6.74,0.67,0,10
USDJPYm,3m,engulfing_body_0.35,pattern,2.0,2.0,1.0,11,7,63.64,7.21,0.66,0,11
USDJPYm,3m,donchian_break_20_k1.0,structure,2.0,2.0,1.0,12,8,66.67,7.43,0.62,0,12
USDJPYm,3m,donchian_break_50_k0.6,structure,2.0,2.0,1.0,12,8,66.67,7.21,0.6,0,12
USDJPYm,3m,donchian_break_50_k1.0,structure,2.0,2.0,1.0,12,8,66.67,7.21,0.6,0,12
USDJPYm,3m,ema_cross_5_20,indicator,2.0,2.0,1.0,12,8,66.67,6.97,0.58,0,12
USDJPYm,3m,sma_cross_5_20,indicator,2.0,2.0,1.0,12,8,66.67,6.97,0.58,0,12
USDJPYm,3m,ema_cross_8_34,indicator,2.0,2.0,1.0,12,8,66.67,6.97,0.58,0,12
USDJPYm,3m,ema_cross_10_50,indicator,2.0,2.0,1.0,12,8,66.67,6.97,0.58,0,12
USDJPYm,3m,ema_cross_13_34,indicator,2.0,2.0,1.0,12,8,66.67,6.97,0.58,0,12
USDJPYm,3m,ema_cross_5_50,indicator,2.0,2.0,1.0,12,8,66.67,6.97,0.58,0,12
USDJPYm,3m,sma_cross_5_50,indicator,2.0,2.0,1.0,12,8,66.67,6.97,0.58,0,12
USDJPYm,3m,ema_cross_8_20,indicator,2.0,2.0,1.0,12,8,66.67,6.97,0.58,0,12
USDJPYm,3m,sma_cross_8_20,indicator,2.0,2.0,1.0,12,8,66.67,6.97,0.58,0,12
USDJPYm,3m,rsi_trend_35_65,regime,2.0,2.0,1.0,12,8,66.67,6.91,0.58,0,12
USDJPYm,3m,rsi_trend_40_60,regime,2.0,2.0,1.0,12,8,66.67,6.95,0.58,0,12
USDJPYm,3m,z_break_0.8,volatility,2.0,2.0,1.0,12,8,66.67,6.97,0.58,0,12
USDJPYm,3m,z_break_1.0,volatility,2.0,2.0,1.0,12,8,66.67,6.97,0.58,0,12
USDJPYm,3m,z_break_1.2,volatility,2.0,2.0,1.0,12,8,66.67,6.95,0.58,0,12
USDJPYm,3m,z_break_1.5,volatility,2.0,2.0,1.0,12,8,66.67,6.91,0.58,0,12
USDJPYm,3m,engulfing_body_0.65,pattern,2.0,2.0,1.0,12,8,66.67,6.93,0.58,0,12
USDJPYm,3m,rsi_trend_30_70,regime,2.0,2.0,1.0,12,8,66.67,6.83,0.57,0,12
USDJPYm,3m,engulfing_body_0.8,pattern,2.0,2.0,1.0,11,6,54.55,3.7,0.34,0,11
USDJPYm,3m,rsi_revert_35_65,regime,2.0,2.0,1.0,10,5,50.0,2.65,0.27,0,10
USDJPYm,3m,z_revert_1.5,volatility,2.0,2.0,1.0,10,5,50.0,2.65,0.27,0,10
USDJPYm,3m,rsi_revert_30_70,regime,2.0,2.0,1.0,11,5,45.45,2.87,0.26,0,11
USDJPYm,3m,rsi_revert_40_60,regime,2.0,2.0,1.0,10,5,50.0,2.63,0.26,0,10
USDJPYm,3m,z_revert_0.8,volatility,2.0,2.0,1.0,10,5,50.0,2.63,0.26,0,10
USDJPYm,3m,z_revert_1.0,volatility,2.0,2.0,1.0,10,5,50.0,2.63,0.26,0,10
USDJPYm,3m,z_revert_1.2,volatility,2.0,2.0,1.0,10,5,50.0,2.63,0.26,0,10
USDJPYm,3m,donchian_break_20_k0.2,structure,2.0,2.0,1.0,11,7,63.64,2.52,0.23,0,11
USDJPYm,3m,sma_cross_10_50,indicator,2.0,2.0,1.0,13,8,61.54,2.88,0.22,0,13
USDJPYm,3m,engulfing_body_0.5,pattern,2.0,2.0,1.0,11,6,54.55,0.31,0.03,0,11
USDJPYm,3m,donchian_break_20_k0.0,structure,2.0,2.0,1.0,0,0,0.0,0.0,0.0,0,0
USDJPYm,3m,donchian_break_50_k0.0,structure,2.0,2.0,1.0,0,0,0.0,0.0,0.0,0,0
USDJPYm,3m,pressure_thrust_0.2,custom,2.0,2.0,1.0,0,0,0.0,0.0,0.0,0,0
USDJPYm,3m,pressure_thrust_0.35,custom,2.0,2.0,1.0,0,0,0.0,0.0,0.0,0,0
USDJPYm,3m,pressure_thrust_0.5,custom,2.0,2.0,1.0,0,0,0.0,0.0,0.0,0,0
USDJPYm,3m,pressure_thrust_0.65,custom,2.0,2.0,1.0,0,0,0.0,0.0,0.0,0,0
USDJPYm,3m,pressure_thrust_0.8,custom,2.0,2.0,1.0,0,0,0.0,0.0,0.0,0,0
USDJPYm,3m,rsi_trend_20_80,regime,2.0,2.0,1.0,11,5,45.45,-0.35,-0.03,0,11
USDJPYm,3m,donchian_break_20_k0.4,structure,2.0,2.0,1.0,13,7,53.85,-0.82,-0.06,0,13
USDJPYm,3m,rsi_revert_25_75,regime,2.0,2.0,1.0,12,5,41.67,-1.4,-0.12,0,12
USDJPYm,3m,donchian_break_20_k0.6,structure,2.0,2.0,1.0,13,7,53.85,-1.9,-0.15,0,13
USDJPYm,3m,sma_cross_8_34,indicator,2.0,2.0,1.0,13,7,53.85,-2.21,-0.17,0,13
USDJPYm,3m,sma_cross_13_34,indicator,2.0,2.0,1.0,13,6,46.15,-2.66,-0.2,0,13
USDJPYm,3m,donchian_break_50_k0.2,structure,2.0,2.0,1.0,12,4,33.33,-6.29,-0.52,0,12
USDJPYm,3m,rsi_trend_25_75,regime,2.0,2.0,1.0,11,4,36.36,-8.97,-0.82,0,11
USDJPYm,3m,rsi_revert_20_80,regime,2.0,2.0,1.0,12,4,33.33,-11.65,-0.97,0,12
USDJPYm,5m,rsi_trend_20_80,regime,2.0,2.0,1.0,9,7,77.78,13.78,1.53,0,9
USDJPYm,5m,rsi_revert_25_75,regime,2.0,2.0,1.0,11,8,72.73,9.9,0.9,0,11
USDJPYm,5m,engulfing_body_0.35,pattern,2.0,2.0,1.0,9,6,66.67,5.98,0.66,0,9
USDJPYm,5m,engulfing_body_0.5,pattern,2.0,2.0,1.0,9,6,66.67,5.98,0.66,0,9
USDJPYm,5m,engulfing_body_0.65,pattern,2.0,2.0,1.0,9,6,66.67,5.98,0.66,0,9
USDJPYm,5m,engulfing_body_0.8,pattern,2.0,2.0,1.0,11,7,63.64,7.3,0.66,0,11
USDJPYm,5m,ema_cross_10_50,indicator,2.0,2.0,1.0,12,8,66.67,7.12,0.59,0,12
USDJPYm,5m,sma_cross_10_50,indicator,2.0,2.0,1.0,12,8,66.67,7.12,0.59,0,12
USDJPYm,5m,ema_cross_13_34,indicator,2.0,2.0,1.0,12,8,66.67,7.12,0.59,0,12
USDJPYm,5m,sma_cross_13_34,indicator,2.0,2.0,1.0,12,8,66.67,7.12,0.59,0,12
USDJPYm,5m,ema_cross_5_50,indicator,2.0,2.0,1.0,12,8,66.67,7.12,0.59,0,12
USDJPYm,5m,rsi_trend_25_75,regime,2.0,2.0,1.0,13,7,53.85,4.78,0.37,0,13
USDJPYm,5m,donchian_break_20_k0.0,structure,2.0,2.0,1.0,0,0,0.0,0.0,0.0,0,0
USDJPYm,5m,donchian_break_50_k0.0,structure,2.0,2.0,1.0,0,0,0.0,0.0,0.0,0,0
USDJPYm,5m,pressure_thrust_0.2,custom,2.0,2.0,1.0,0,0,0.0,0.0,0.0,0,0
USDJPYm,5m,pressure_thrust_0.35,custom,2.0,2.0,1.0,0,0,0.0,0.0,0.0,0,0
USDJPYm,5m,pressure_thrust_0.5,custom,2.0,2.0,1.0,0,0,0.0,0.0,0.0,0,0
USDJPYm,5m,pressure_thrust_0.65,custom,2.0,2.0,1.0,0,0,0.0,0.0,0.0,0,0
USDJPYm,5m,pressure_thrust_0.8,custom,2.0,2.0,1.0,0,0,0.0,0.0,0.0,0,0
USDJPYm,5m,ema_cross_8_34,indicator,2.0,2.0,1.0,13,7,53.85,-0.16,-0.01,0,13
USDJPYm,5m,sma_cross_8_34,indicator,2.0,2.0,1.0,13,7,53.85,-0.16,-0.01,0,13
USDJPYm,5m,sma_cross_5_50,indicator,2.0,2.0,1.0,13,7,53.85,-0.16,-0.01,0,13
USDJPYm,5m,ema_cross_8_20,indicator,2.0,2.0,1.0,13,7,53.85,-0.16,-0.01,0,13
USDJPYm,5m,z_break_1.5,volatility,2.0,2.0,1.0,13,7,53.85,-0.7,-0.05,0,13
USDJPYm,5m,rsi_trend_40_60,regime,2.0,2.0,1.0,13,7,53.85,-0.87,-0.07,0,13
USDJPYm,5m,rsi_trend_35_65,regime,2.0,2.0,1.0,13,7,53.85,-1.01,-0.08,0,13
USDJPYm,5m,rsi_revert_30_70,regime,2.0,2.0,1.0,12,5,41.67,-1.25,-0.1,0,12
USDJPYm,5m,rsi_revert_35_65,regime,2.0,2.0,1.0,11,5,45.45,-1.5,-0.14,0,11
USDJPYm,5m,rsi_revert_40_60,regime,2.0,2.0,1.0,11,5,45.45,-1.57,-0.14,0,11
USDJPYm,5m,z_revert_1.5,volatility,2.0,2.0,1.0,11,5,45.45,-1.57,-0.14,0,11
USDJPYm,5m,z_revert_0.8,volatility,2.0,2.0,1.0,11,5,45.45,-1.64,-0.15,0,11
USDJPYm,5m,z_revert_1.0,volatility,2.0,2.0,1.0,11,5,45.45,-1.64,-0.15,0,11
USDJPYm,5m,z_revert_1.2,volatility,2.0,2.0,1.0,11,5,45.45,-1.64,-0.15,0,11
USDJPYm,5m,donchian_break_20_k0.6,structure,2.0,2.0,1.0,11,4,36.36,-4.4,-0.4,0,11
USDJPYm,5m,donchian_break_20_k0.4,structure,2.0,2.0,1.0,11,5,45.45,-4.46,-0.41,0,11
USDJPYm,5m,donchian_break_20_k1.0,structure,2.0,2.0,1.0,13,6,46.15,-5.47,-0.42,0,13
USDJPYm,5m,ema_cross_5_20,indicator,2.0,2.0,1.0,13,6,46.15,-5.59,-0.43,0,13
USDJPYm,5m,sma_cross_5_20,indicator,2.0,2.0,1.0,13,6,46.15,-5.59,-0.43,0,13
USDJPYm,5m,sma_cross_8_20,indicator,2.0,2.0,1.0,13,6,46.15,-5.59,-0.43,0,13
USDJPYm,5m,z_break_0.8,volatility,2.0,2.0,1.0,13,6,46.15,-5.75,-0.44,0,13
USDJPYm,5m,z_break_1.0,volatility,2.0,2.0,1.0,13,6,46.15,-5.72,-0.44,0,13
USDJPYm,5m,z_break_1.2,volatility,2.0,2.0,1.0,13,6,46.15,-5.72,-0.44,0,13
USDJPYm,5m,rsi_revert_20_80,regime,2.0,2.0,1.0,8,3,37.5,-4.14,-0.52,0,8
USDJPYm,5m,donchian_break_50_k0.2,structure,2.0,2.0,1.0,14,5,35.71,-7.82,-0.6,0,13
USDJPYm,5m,donchian_break_20_k0.2,structure,2.0,2.0,1.0,14,5,35.71,-8.18,-0.63,0,13
USDJPYm,5m,engulfing_body_0.2,pattern,2.0,2.0,1.0,9,2,22.22,-9.18,-1.02,0,9
USDJPYm,5m,rsi_trend_30_70,regime,2.0,2.0,1.0,9,3,33.33,-9.37,-1.04,0,9
USDJPYm,5m,donchian_break_50_k1.0,structure,2.0,2.0,1.0,9,2,22.22,-9.71,-1.08,0,9
USDJPYm,5m,donchian_break_50_k0.6,structure,2.0,2.0,1.0,9,2,22.22,-9.79,-1.09,0,9
USDJPYm,5m,donchian_break_50_k0.4,structure,2.0,2.0,1.0,11,2,18.18,-14.25,-1.3,0,11
USOILm,1m,z_revert_0.8,volatility,2.0,2.0,1.0,185,103,55.68,63.33,1.62,0,39
USOILm,1m,z_revert_1.0,volatility,2.0,2.0,1.0,181,100,55.25,60.68,1.56,0,39
USOILm,1m,z_break_1.5,volatility,2.0,2.0,1.0,163,87,53.37,48.55,1.31,0,37
USOILm,1m,z_revert_1.2,volatility,2.0,2.0,1.0,176,93,52.84,48.19,1.24,0,39
USOILm,1m,rsi_trend_25_75,regime,2.0,2.0,1.0,119,66,55.46,42.21,1.11,0,38
USOILm,1m,rsi_trend_30_70,regime,2.0,2.0,1.0,152,79,51.97,33.83,0.91,0,37
USOILm,1m,donchian_break_20_k0.4,structure,2.0,2.0,1.0,148,75,50.68,33.8,0.91,0,37
USOILm,1m,rsi_revert_30_70,regime,2.0,2.0,1.0,150,77,51.33,34.0,0.85,0,40
USOILm,1m,rsi_revert_40_60,regime,2.0,2.0,1.0,166,87,52.41,32.99,0.85,0,39
USOILm,1m,rsi_trend_40_60,regime,2.0,2.0,1.0,179,90,50.28,27.55,0.74,0,37
USOILm,1m,donchian_break_50_k0.2,structure,2.0,2.0,1.0,129,67,51.94,28.44,0.73,0,39
USOILm,1m,rsi_trend_20_80,regime,2.0,2.0,1.0,81,42,51.85,24.15,0.71,0,34
USOILm,1m,donchian_break_50_k0.4,structure,2.0,2.0,1.0,140,71,50.71,23.99,0.67,0,36
USOILm,1m,z_break_1.0,volatility,2.0,2.0,1.0,176,88,50.0,24.27,0.66,0,37
USOILm,1m,z_break_1.2,volatility,2.0,2.0,1.0,177,90,50.85,23.57,0.64,0,37
USOILm,1m,donchian_break_20_k0.2,structure,2.0,2.0,1.0,135,69,51.11,20.69,0.54,0,38
USOILm,1m,z_break_0.8,volatility,2.0,2.0,1.0,179,87,48.6,17.32,0.47,0,37
USOILm,1m,rsi_revert_20_80,regime,2.0,2.0,1.0,87,44,50.57,15.07,0.42,0,36
USOILm,1m,engulfing_body_0.5,pattern,2.0,2.0,1.0,141,70,49.65,13.09,0.36,0,36
USOILm,1m,engulfing_body_0.65,pattern,2.0,2.0,1.0,136,67,49.26,13.7,0.34,0,40
USOILm,1m,z_revert_1.5,volatility,2.0,2.0,1.0,169,84,49.7,9.42,0.24,0,39
USOILm,1m,donchian_break_50_k0.6,structure,2.0,2.0,1.0,146,68,46.58,4.09,0.11,0,36
USOILm,1m,rsi_revert_35_65,regime,2.0,2.0,1.0,167,82,49.1,3.83,0.09,0,42
USOILm,1m,donchian_break_20_k0.6,structure,2.0,2.0,1.0,159,75,47.17,1.31,0.03,0,38
USOILm,1m,engulfing_body_0.35,pattern,2.0,2.0,1.0,147,71,48.3,0.54,0.01,0,36
USOILm,1m,rsi_trend_35_65,regime,2.0,2.0,1.0,169,79,46.75,-0.17,-0.0,0,37
USOILm,1m,donchian_break_20_k0.0,structure,2.0,2.0,1.0,0,0,0.0,0.0,0.0,0,0
USOILm,1m,donchian_break_50_k0.0,structure,2.0,2.0,1.0,0,0,0.0,0.0,0.0,0,0
USOILm,1m,pressure_thrust_0.2,custom,2.0,2.0,1.0,0,0,0.0,0.0,0.0,0,0
USOILm,1m,pressure_thrust_0.35,custom,2.0,2.0,1.0,0,0,0.0,0.0,0.0,0,0
USOILm,1m,pressure_thrust_0.5,custom,2.0,2.0,1.0,0,0,0.0,0.0,0.0,0,0
USOILm,1m,pressure_thrust_0.65,custom,2.0,2.0,1.0,0,0,0.0,0.0,0.0,0,0
USOILm,1m,pressure_thrust_0.8,custom,2.0,2.0,1.0,0,0,0.0,0.0,0.0,0,0
USOILm,1m,engulfing_body_0.8,pattern,2.0,2.0,1.0,115,52,45.22,-3.43,-0.09,0,37
USOILm,1m,rsi_revert_25_75,regime,2.0,2.0,1.0,136,65,47.79,-6.61,-0.17,0,40
USOILm,1m,ema_cross_5_20,indicator,2.0,2.0,1.0,183,83,45.36,-7.26,-0.2,0,37
USOILm,1m,donchian_break_20_k1.0,structure,2.0,2.0,1.0,179,82,45.81,-7.36,-0.2,0,36
USOILm,1m,engulfing_body_0.2,pattern,2.0,2.0,1.0,148,70,47.3,-9.55,-0.27,0,36
USOILm,1m,sma_cross_5_20,indicator,2.0,2.0,1.0,187,85,45.45,-14.64,-0.4,0,37
USOILm,1m,donchian_break_50_k1.0,structure,2.0,2.0,1.0,159,71,44.65,-16.72,-0.46,0,36
USOILm,1m,sma_cross_8_20,indicator,2.0,2.0,1.0,191,85,44.5,-17.92,-0.48,0,37
USOILm,1m,ema_cross_5_50,indicator,2.0,2.0,1.0,195,88,45.13,-21.17,-0.57,0,37
USOILm,1m,ema_cross_8_20,indicator,2.0,2.0,1.0,191,83,43.46,-23.4,-0.63,0,37
USOILm,1m,sma_cross_5_50,indicator,2.0,2.0,1.0,197,86,43.65,-27.56,-0.74,0,37
USOILm,1m,sma_cross_10_50,indicator,2.0,2.0,1.0,194,84,43.3,-30.18,-0.77,0,39
USOILm,1m,ema_cross_10_50,indicator,2.0,2.0,1.0,197,86,43.65,-30.49,-0.82,0,37
USOILm,1m,ema_cross_13_34,indicator,2.0,2.0,1.0,196,85,43.37,-30.4,-0.82,0,37
USOILm,1m,ema_cross_8_34,indicator,2.0,2.0,1.0,194,83,42.78,-35.0,-0.95,0,37
USOILm,1m,sma_cross_13_34,indicator,2.0,2.0,1.0,199,83,41.71,-49.19,-1.2,0,41
USOILm,1m,sma_cross_8_34,indicator,2.0,2.0,1.0,199,81,40.7,-59.06,-1.44,0,41
USOILm,3m,rsi_revert_35_65,regime,2.0,2.0,1.0,145,81,55.86,45.77,1.14,0,40
USOILm,3m,z_revert_1.2,volatility,2.0,2.0,1.0,157,84,53.5,41.43,1.01,0,41
USOILm,3m,z_revert_1.5,volatility,2.0,2.0,1.0,146,78,53.42,39.86,0.97,0,41
USOILm,3m,rsi_revert_40_60,regime,2.0,2.0,1.0,157,83,52.87,36.22,0.88,0,41
USOILm,3m,z_revert_0.8,volatility,2.0,2.0,1.0,166,86,51.81,35.94,0.88,0,41
USOILm,3m,z_revert_1.0,volatility,2.0,2.0,1.0,160,84,52.5,34.94,0.85,0,41
USOILm,3m,engulfing_body_0.5,pattern,2.0,2.0,1.0,107,56,52.34,29.25,0.77,0,38
USOILm,3m,rsi_trend_25_75,regime,2.0,2.0,1.0,79,38,48.1,17.11,0.53,0,32
USOILm,3m,rsi_revert_25_75,regime,2.0,2.0,1.0,86,45,52.33,17.39,0.48,0,36
USOILm,3m,donchian_break_20_k0.4,structure,2.0,2.0,1.0,126,61,48.41,11.2,0.32,0,35
USOILm,3m,rsi_revert_20_80,regime,2.0,2.0,1.0,60,33,55.0,9.55,0.29,0,33
USOILm,3m,donchian_break_50_k0.2,structure,2.0,2.0,1.0,89,44,49.44,9.81,0.27,0,36
USOILm,3m,donchian_break_50_k1.0,structure,2.0,2.0,1.0,125,57,45.6,8.01,0.21,0,38
USOILm,3m,engulfing_body_0.35,pattern,2.0,2.0,1.0,110,54,49.09,6.77,0.18,0,38
USOILm,3m,rsi_revert_30_70,regime,2.0,2.0,1.0,117,57,48.72,4.9,0.14,0,36
USOILm,3m,donchian_break_50_k0.6,structure,2.0,2.0,1.0,110,50,45.45,5.29,0.14,0,38
USOILm,3m,sma_cross_10_50,indicator,2.0,2.0,1.0,156,70,44.87,2.95,0.08,1,39
USOILm,3m,z_break_1.0,volatility,2.0,2.0,1.0,165,76,46.06,2.92,0.08,0,37
USOILm,3m,engulfing_body_0.65,pattern,2.0,2.0,1.0,94,43,45.74,2.18,0.06,0,37
USOILm,3m,z_break_1.2,volatility,2.0,2.0,1.0,166,75,45.18,1.88,0.05,0,40
USOILm,3m,donchian_break_20_k0.2,structure,2.0,2.0,1.0,125,57,45.6,1.59,0.04,0,40
USOILm,3m,donchian_break_20_k0.0,structure,2.0,2.0,1.0,0,0,0.0,0.0,0.0,0,0
USOILm,3m,donchian_break_50_k0.0,structure,2.0,2.0,1.0,0,0,0.0,0.0,0.0,0,0
USOILm,3m,pressure_thrust_0.2,custom,2.0,2.0,1.0,0,0,0.0,0.0,0.0,0,0
USOILm,3m,pressure_thrust_0.35,custom,2.0,2.0,1.0,0,0,0.0,0.0,0.0,0,0
USOILm,3m,pressure_thrust_0.5,custom,2.0,2.0,1.0,0,0,0.0,0.0,0.0,0,0
USOILm,3m,pressure_thrust_0.65,custom,2.0,2.0,1.0,0,0,0.0,0.0,0.0,0,0
USOILm,3m,pressure_thrust_0.8,custom,2.0,2.0,1.0,0,0,0.0,0.0,0.0,0,0
USOILm,3m,sma_cross_13_34,indicator,2.0,2.0,1.0,158,70,44.3,-0.32,-0.01,0,39
USOILm,3m,rsi_trend_40_60,regime,2.0,2.0,1.0,162,74,45.68,-0.7,-0.02,0,37
USOILm,3m,donchian_break_50_k0.4,structure,2.0,2.0,1.0,106,48,45.28,-2.95,-0.08,0,39
USOILm,3m,engulfing_body_0.2,pattern,2.0,2.0,1.0,114,53,46.49,-4.68,-0.12,0,38
USOILm,3m,ema_cross_10_50,indicator,2.0,2.0,1.0,157,67,42.68,-6.31,-0.16,0,40
USOILm,3m,z_break_0.8,volatility,2.0,2.0,1.0,167,73,43.71,-6.37,-0.17,0,37
USOILm,3m,ema_cross_8_34,indicator,2.0,2.0,1.0,157,66,42.04,-8.95,-0.22,0,40
USOILm,3m,rsi_trend_20_80,regime,2.0,2.0,1.0,50,20,40.0,-7.02,-0.23,0,30
USOILm,3m,rsi_trend_30_70,regime,2.0,2.0,1.0,112,50,44.64,-8.3,-0.24,0,35
USOILm,3m,rsi_trend_35_65,regime,2.0,2.0,1.0,143,66,46.15,-10.01,-0.24,0,41
USOILm,3m,ema_cross_13_34,indicator,2.0,2.0,1.0,158,66,41.77,-10.36,-0.26,0,40
USOILm,3m,sma_cross_8_34,indicator,2.0,2.0,1.0,159,66,41.51,-13.27,-0.32,0,41
USOILm,3m,ema_cross_5_50,indicator,2.0,2.0,1.0,158,65,41.14,-13.57,-0.34,0,40
USOILm,3m,sma_cross_5_50,indicator,2.0,2.0,1.0,158,65,41.14,-13.57,-0.34,0,40
USOILm,3m,donchian_break_20_k1.0,structure,2.0,2.0,1.0,154,67,43.51,-14.62,-0.42,0,35
USOILm,3m,donchian_break_20_k0.6,structure,2.0,2.0,1.0,137,57,41.61,-15.69,-0.44,0,36
USOILm,3m,z_break_1.5,volatility,2.0,2.0,1.0,156,67,42.95,-17.56,-0.44,0,40
USOILm,3m,ema_cross_5_20,indicator,2.0,2.0,1.0,166,68,40.96,-22.67,-0.55,0,41
USOILm,3m,engulfing_body_0.8,pattern,2.0,2.0,1.0,70,27,38.57,-27.73,-0.73,0,38
USOILm,3m,ema_cross_8_20,indicator,2.0,2.0,1.0,168,66,39.29,-33.63,-0.82,0,41
USOILm,3m,sma_cross_5_20,indicator,2.0,2.0,1.0,172,68,39.53,-35.47,-0.87,0,41
USOILm,3m,sma_cross_8_20,indicator,2.0,2.0,1.0,171,65,38.01,-38.46,-0.94,0,41
USOILm,5m,z_revert_1.2,volatility,2.0,2.0,1.0,133,73,54.89,56.77,1.46,0,39
USOILm,5m,z_revert_0.8,volatility,2.0,2.0,1.0,138,74,53.62,50.22,1.29,0,39
USOILm,5m,z_revert_1.0,volatility,2.0,2.0,1.0,139,75,53.96,48.77,1.25,0,39
USOILm,5m,donchian_break_20_k0.4,structure,2.0,2.0,1.0,114,61,53.51,38.29,1.01,0,38
USOILm,5m,rsi_revert_35_65,regime,2.0,2.0,1.0,126,68,53.97,39.37,0.94,0,42
USOILm,5m,rsi_revert_30_70,regime,2.0,2.0,1.0,94,50,53.19,31.07,0.84,0,37
USOILm,5m,rsi_revert_40_60,regime,2.0,2.0,1.0,140,72,51.43,34.02,0.83,0,41
USOILm,5m,z_revert_1.5,volatility,2.0,2.0,1.0,131,67,51.15,34.04,0.83,0,41
USOILm,5m,rsi_revert_25_75,regime,2.0,2.0,1.0,73,41,56.16,29.15,0.79,0,37
USOILm,5m,rsi_revert_20_80,regime,2.0,2.0,1.0,33,20,60.61,16.46,0.61,0,27
USOILm,5m,donchian_break_50_k0.4,structure,2.0,2.0,1.0,81,40,49.38,9.04,0.25,0,36
USOILm,5m,engulfing_body_0.65,pattern,2.0,2.0,1.0,82,39,47.56,0.62,0.02,0,38
USOILm,5m,donchian_break_20_k0.0,structure,2.0,2.0,1.0,0,0,0.0,0.0,0.0,0,0
USOILm,5m,donchian_break_20_k0.2,structure,2.0,2.0,1.0,93,45,48.39,0.06,0.0,0,35
USOILm,5m,donchian_break_50_k0.0,structure,2.0,2.0,1.0,0,0,0.0,0.0,0.0,0,0
USOILm,5m,pressure_thrust_0.2,custom,2.0,2.0,1.0,0,0,0.0,0.0,0.0,0,0
USOILm,5m,pressure_thrust_0.35,custom,2.0,2.0,1.0,0,0,0.0,0.0,0.0,0,0
USOILm,5m,pressure_thrust_0.5,custom,2.0,2.0,1.0,0,0,0.0,0.0,0.0,0,0
USOILm,5m,pressure_thrust_0.65,custom,2.0,2.0,1.0,0,0,0.0,0.0,0.0,0,0
USOILm,5m,pressure_thrust_0.8,custom,2.0,2.0,1.0,0,0,0.0,0.0,0.0,0,0
USOILm,5m,sma_cross_13_34,indicator,2.0,2.0,1.0,162,73,45.06,-1.4,-0.04,0,40
USOILm,5m,sma_cross_10_50,indicator,2.0,2.0,1.0,169,76,44.97,-2.02,-0.05,1,40
USOILm,5m,ema_cross_8_20,indicator,2.0,2.0,1.0,161,70,43.48,-5.33,-0.13,1,40
USOILm,5m,donchian_break_50_k0.6,structure,2.0,2.0,1.0,90,40,44.44,-6.92,-0.18,0,38
USOILm,5m,engulfing_body_0.8,pattern,2.0,2.0,1.0,55,23,41.82,-7.37,-0.22,0,33
USOILm,5m,engulfing_body_0.5,pattern,2.0,2.0,1.0,99,44,44.44,-10.73,-0.28,0,38
USOILm,5m,donchian_break_50_k1.0,structure,2.0,2.0,1.0,112,48,42.86,-11.54,-0.29,0,40
USOILm,5m,donchian_break_20_k0.6,structure,2.0,2.0,1.0,119,50,42.02,-12.22,-0.31,0,39
USOILm,5m,ema_cross_8_34,indicator,2.0,2.0,1.0,162,69,42.59,-13.67,-0.34,1,40
USOILm,5m,rsi_trend_40_60,regime,2.0,2.0,1.0,142,63,44.37,-14.11,-0.35,0,40
USOILm,5m,sma_cross_5_50,indicator,2.0,2.0,1.0,169,73,43.2,-14.7,-0.37,1,40
USOILm,5m,rsi_trend_20_80,regime,2.0,2.0,1.0,32,12,37.5,-10.18,-0.39,0,26
USOILm,5m,ema_cross_10_50,indicator,2.0,2.0,1.0,170,73,42.94,-16.54,-0.41,1,40
USOILm,5m,sma_cross_5_20,indicator,2.0,2.0,1.0,165,71,43.03,-17.34,-0.43,0,40
USOILm,5m,rsi_trend_30_70,regime,2.0,2.0,1.0,87,36,41.38,-16.02,-0.43,0,37
USOILm,5m,donchian_break_20_k1.0,structure,2.0,2.0,1.0,142,62,43.66,-17.6,-0.43,0,41
USOILm,5m,z_break_1.5,volatility,2.0,2.0,1.0,135,56,41.48,-20.19,-0.52,0,39
USOILm,5m,rsi_trend_25_75,regime,2.0,2.0,1.0,68,26,38.24,-19.12,-0.53,0,36
USOILm,5m,z_break_1.2,volatility,2.0,2.0,1.0,142,62,43.66,-21.66,-0.56,0,39
USOILm,5m,ema_cross_5_50,indicator,2.0,2.0,1.0,166,68,40.96,-23.68,-0.59,1,40
USOILm,5m,sma_cross_8_34,indicator,2.0,2.0,1.0,163,68,41.72,-24.37,-0.61,1,40
USOILm,5m,ema_cross_5_20,indicator,2.0,2.0,1.0,168,70,41.67,-24.98,-0.62,0,40
USOILm,5m,ema_cross_13_34,indicator,2.0,2.0,1.0,169,70,41.42,-25.46,-0.64,1,40
USOILm,5m,donchian_break_50_k0.2,structure,2.0,2.0,1.0,80,32,40.0,-26.86,-0.73,0,37
USOILm,5m,engulfing_body_0.2,pattern,2.0,2.0,1.0,102,40,39.22,-29.3,-0.75,0,39
USOILm,5m,sma_cross_8_20,indicator,2.0,2.0,1.0,167,69,41.32,-33.11,-0.85,0,39
USOILm,5m,z_break_1.0,volatility,2.0,2.0,1.0,148,61,41.22,-35.79,-0.87,0,41
USOILm,5m,z_break_0.8,volatility,2.0,2.0,1.0,150,59,39.33,-41.88,-1.02,0,41
USOILm,5m,engulfing_body_0.35,pattern,2.0,2.0,1.0,98,36,36.73,-39.68,-1.04,0,38
USOILm,5m,rsi_trend_35_65,regime,2.0,2.0,1.0,117,42,35.9,-46.26,-1.19,0,39
XAUUSDm,1m,sma_cross_10_50,indicator,2.0,2.0,1.0,20363,8611,42.29,7960.4,159.21,42,50
XAUUSDm,1m,sma_cross_5_20,indicator,2.0,2.0,1.0,20393,8591,42.13,7776.47,155.53,40,50
XAUUSDm,1m,ema_cross_8_34,indicator,2.0,2.0,1.0,20384,8597,42.18,7744.62,154.89,42,50
XAUUSDm,1m,ema_cross_5_50,indicator,2.0,2.0,1.0,20385,8614,42.26,7731.27,154.63,44,50
XAUUSDm,1m,sma_cross_13_34,indicator,2.0,2.0,1.0,20352,8591,42.21,7666.92,153.34,41,50
XAUUSDm,1m,ema_cross_10_50,indicator,2.0,2.0,1.0,20388,8605,42.21,7629.83,152.6,42,50
XAUUSDm,1m,sma_cross_5_50,indicator,2.0,2.0,1.0,20350,8576,42.14,7622.26,152.45,40,50
XAUUSDm,1m,sma_cross_8_20,indicator,2.0,2.0,1.0,20379,8568,42.04,7587.75,151.76,40,50
XAUUSDm,1m,pressure_thrust_0.2,custom,2.0,2.0,1.0,18580,7935,42.71,7571.73,151.43,42,50
XAUUSDm,1m,ema_cross_13_34,indicator,2.0,2.0,1.0,20378,8575,42.08,7562.6,151.25,40,50
XAUUSDm,1m,sma_cross_8_34,indicator,2.0,2.0,1.0,20385,8576,42.07,7494.8,149.9,39,50
XAUUSDm,1m,ema_cross_5_20,indicator,2.0,2.0,1.0,20422,8568,41.95,7392.4,147.85,41,50
XAUUSDm,1m,z_revert_0.8,volatility,2.0,2.0,1.0,15221,6814,44.77,7308.99,146.18,44,50
XAUUSDm,1m,ema_cross_8_20,indicator,2.0,2.0,1.0,20405,8543,41.87,7306.17,146.12,40,50
XAUUSDm,1m,pressure_thrust_0.35,custom,2.0,2.0,1.0,16598,7062,42.55,6758.8,135.18,37,50
XAUUSDm,1m,z_revert_1.0,volatility,2.0,2.0,1.0,13479,6026,44.71,6263.74,125.27,43,50
XAUUSDm,1m,z_revert_1.2,volatility,2.0,2.0,1.0,11580,5190,44.82,5563.76,111.28,41,50
XAUUSDm,1m,z_break_0.8,volatility,2.0,2.0,1.0,14802,6129,41.41,5462.17,109.24,34,50
XAUUSDm,1m,pressure_thrust_0.5,custom,2.0,2.0,1.0,13672,5792,42.36,5310.23,106.2,36,50
XAUUSDm,1m,z_break_1.0,volatility,2.0,2.0,1.0,12858,5354,41.64,5146.09,102.92,37,50
XAUUSDm,1m,rsi_revert_40_60,regime,2.0,2.0,1.0,9824,4415,44.94,4950.48,99.01,40,50
XAUUSDm,1m,z_break_1.2,volatility,2.0,2.0,1.0,10952,4557,41.61,4514.6,90.29,35,50
XAUUSDm,1m,donchian_break_20_k1.0,structure,2.0,2.0,1.0,11594,4808,41.47,4413.34,88.27,35,50
XAUUSDm,1m,z_revert_1.5,volatility,2.0,2.0,1.0,8702,3935,45.22,4257.33,85.15,39,50
XAUUSDm,1m,pressure_thrust_0.65,custom,2.0,2.0,1.0,10014,4258,42.52,4255.05,85.1,34,50
XAUUSDm,1m,rsi_trend_40_60,regime,2.0,2.0,1.0,9410,3891,41.35,4131.35,82.63,31,50
XAUUSDm,1m,z_break_1.5,volatility,2.0,2.0,1.0,8104,3342,41.24,3314.76,66.3,31,50
XAUUSDm,1m,rsi_revert_35_65,regime,2.0,2.0,1.0,5416,2480,45.79,3210.05,64.2,37,50
XAUUSDm,1m,donchian_break_50_k1.0,structure,2.0,2.0,1.0,6907,2868,41.52,3151.07,63.02,33,50
XAUUSDm,1m,pressure_thrust_0.8,custom,2.0,2.0,1.0,6471,2773,42.85,3067.66,61.35,33,50
XAUUSDm,1m,donchian_break_20_k0.6,structure,2.0,2.0,1.0,7865,3211,40.83,2894.97,57.9,30,50
XAUUSDm,1m,rsi_trend_35_65,regime,2.0,2.0,1.0,5120,2095,40.92,2501.73,50.03,30,50
XAUUSDm,1m,donchian_break_20_k0.4,structure,2.0,2.0,1.0,5881,2370,40.3,2184.72,43.69,23,50
XAUUSDm,1m,donchian_break_50_k0.6,structure,2.0,2.0,1.0,4591,1875,40.84,1990.0,39.8,23,50
XAUUSDm,1m,rsi_revert_30_70,regime,2.0,2.0,1.0,2557,1217,47.59,1890.21,37.8,29,50
XAUUSDm,1m,donchian_break_50_k0.4,structure,2.0,2.0,1.0,3384,1375,40.63,1621.18,32.42,25,50
XAUUSDm,1m,engulfing_body_0.2,pattern,2.0,2.0,1.0,3646,1548,42.46,1312.7,26.25,24,50
XAUUSDm,1m,donchian_break_20_k0.2,structure,2.0,2.0,1.0,3466,1391,40.13,1296.75,25.94,18,50
XAUUSDm,1m,engulfing_body_0.35,pattern,2.0,2.0,1.0,3488,1482,42.49,1286.42,25.73,24,50
XAUUSDm,1m,rsi_trend_30_70,regime,2.0,2.0,1.0,2432,950,39.06,1282.87,25.66,19,50
XAUUSDm,1m,engulfing_body_0.5,pattern,2.0,2.0,1.0,3016,1287,42.67,1155.41,23.11,21,50
XAUUSDm,1m,engulfing_body_0.65,pattern,2.0,2.0,1.0,2216,960,43.32,970.75,19.41,20,50
XAUUSDm,1m,rsi_revert_25_75,regime,2.0,2.0,1.0,979,464,47.4,886.76,17.74,19,50
XAUUSDm,1m,donchian_break_50_k0.2,structure,2.0,2.0,1.0,1965,781,39.75,861.96,17.59,13,49
XAUUSDm,1m,engulfing_body_0.8,pattern,2.0,2.0,1.0,1147,513,44.73,642.49,13.67,15,47
XAUUSDm,1m,rsi_trend_25_75,regime,2.0,2.0,1.0,925,359,38.81,600.32,12.01,14,50
XAUUSDm,1m,rsi_revert_20_80,regime,2.0,2.0,1.0,298,152,51.01,393.45,8.03,6,49
XAUUSDm,1m,rsi_trend_20_80,regime,2.0,2.0,1.0,280,107,38.21,229.39,4.68,4,49
XAUUSDm,1m,donchian_break_20_k0.0,structure,2.0,2.0,1.0,0,0,0.0,0.0,0.0,0,0
XAUUSDm,1m,donchian_break_50_k0.0,structure,2.0,2.0,1.0,0,0,0.0,0.0,0.0,0,0
XAUUSDm,3m,sma_cross_5_20,indicator,2.0,2.0,1.0,8677,3752,43.24,7894.85,157.9,45,50
XAUUSDm,3m,sma_cross_8_20,indicator,2.0,2.0,1.0,8676,3720,42.88,7732.77,154.66,43,50
XAUUSDm,3m,sma_cross_8_34,indicator,2.0,2.0,1.0,8672,3701,42.68,7655.64,153.11,45,50
XAUUSDm,3m,ema_cross_5_20,indicator,2.0,2.0,1.0,8686,3698,42.57,7565.54,151.31,44,50
XAUUSDm,3m,ema_cross_8_20,indicator,2.0,2.0,1.0,8683,3687,42.46,7557.01,151.14,45,50
XAUUSDm,3m,sma_cross_5_50,indicator,2.0,2.0,1.0,8669,3691,42.58,7489.48,149.79,43,50
XAUUSDm,3m,ema_cross_10_50,indicator,2.0,2.0,1.0,8674,3687,42.51,7384.47,147.69,44,50
XAUUSDm,3m,ema_cross_13_34,indicator,2.0,2.0,1.0,8669,3686,42.52,7374.26,147.49,45,50
XAUUSDm,3m,sma_cross_13_34,indicator,2.0,2.0,1.0,8675,3700,42.65,7374.06,147.48,45,50
XAUUSDm,3m,ema_cross_5_50,indicator,2.0,2.0,1.0,8680,3673,42.32,7327.49,146.55,45,50
XAUUSDm,3m,sma_cross_10_50,indicator,2.0,2.0,1.0,8666,3679,42.45,7291.73,145.83,45,50
XAUUSDm,3m,ema_cross_8_34,indicator,2.0,2.0,1.0,8674,3676,42.38,7246.21,144.92,46,50
XAUUSDm,3m,z_revert_0.8,volatility,2.0,2.0,1.0,6228,2808,45.09,5879.5,117.59,42,50
XAUUSDm,3m,pressure_thrust_0.2,custom,2.0,2.0,1.0,7660,3210,41.91,5820.94,116.42,37,50
XAUUSDm,3m,z_break_0.8,volatility,2.0,2.0,1.0,6134,2586,42.16,5565.82,111.32,41,50
XAUUSDm,3m,z_revert_1.0,volatility,2.0,2.0,1.0,5375,2414,44.91,5183.09,103.66,40,50
XAUUSDm,3m,z_break_1.0,volatility,2.0,2.0,1.0,5280,2225,42.14,4963.4,99.27,42,50
XAUUSDm,3m,pressure_thrust_0.35,custom,2.0,2.0,1.0,6483,2699,41.63,4937.02,98.74,38,50
XAUUSDm,3m,donchian_break_20_k1.0,structure,2.0,2.0,1.0,4661,1999,42.89,4666.86,93.34,44,50
XAUUSDm,3m,z_revert_1.2,volatility,2.0,2.0,1.0,4466,2037,45.61,4643.08,92.86,36,50
XAUUSDm,3m,z_break_1.2,volatility,2.0,2.0,1.0,4368,1813,41.51,4266.67,85.33,38,50
XAUUSDm,3m,pressure_thrust_0.5,custom,2.0,2.0,1.0,4958,2093,42.21,4229.59,84.59,39,50
XAUUSDm,3m,rsi_revert_40_60,regime,2.0,2.0,1.0,3823,1759,46.01,4222.08,84.44,39,50
XAUUSDm,3m,rsi_trend_40_60,regime,2.0,2.0,1.0,3756,1561,41.56,3778.5,75.57,40,50
XAUUSDm,3m,z_revert_1.5,volatility,2.0,2.0,1.0,3233,1494,46.21,3519.87,70.4,35,50
XAUUSDm,3m,z_break_1.5,volatility,2.0,2.0,1.0,3147,1303,41.4,3318.86,66.38,37,50
XAUUSDm,3m,donchian_break_50_k1.0,structure,2.0,2.0,1.0,2585,1093,42.28,3184.7,63.69,35,50
XAUUSDm,3m,pressure_thrust_0.65,custom,2.0,2.0,1.0,3449,1424,41.29,2883.92,57.68,36,50
XAUUSDm,3m,donchian_break_20_k0.6,structure,2.0,2.0,1.0,2979,1214,40.75,2608.44,52.17,33,50
XAUUSDm,3m,rsi_revert_35_65,regime,2.0,2.0,1.0,1916,906,47.29,2587.77,51.76,35,50
XAUUSDm,3m,pressure_thrust_0.8,custom,2.0,2.0,1.0,2110,882,41.8,2249.83,45.0,35,50
XAUUSDm,3m,rsi_trend_35_65,regime,2.0,2.0,1.0,1887,762,40.38,2195.7,43.91,30,50
XAUUSDm,3m,donchian_break_20_k0.4,structure,2.0,2.0,1.0,2123,864,40.7,2080.1,41.6,34,50
XAUUSDm,3m,donchian_break_50_k0.6,structure,2.0,2.0,1.0,1616,645,39.91,1748.61,34.97,29,50
XAUUSDm,3m,donchian_break_50_k0.4,structure,2.0,2.0,1.0,1181,469,39.71,1531.57,30.63,26,50
XAUUSDm,3m,donchian_break_20_k0.2,structure,2.0,2.0,1.0,1166,497,42.62,1426.04,29.71,23,48
XAUUSDm,3m,rsi_trend_30_70,regime,2.0,2.0,1.0,836,332,39.71,1402.06,28.04,20,50
XAUUSDm,3m,rsi_revert_30_70,regime,2.0,2.0,1.0,862,399,46.29,1365.96,27.32,27,50
XAUUSDm,3m,engulfing_body_0.2,pattern,2.0,2.0,1.0,1311,562,42.87,1100.21,22.92,19,48
XAUUSDm,3m,engulfing_body_0.35,pattern,2.0,2.0,1.0,1255,534,42.55,1067.38,22.24,19,48
XAUUSDm,3m,donchian_break_50_k0.2,structure,2.0,2.0,1.0,648,265,40.9,933.97,19.46,20,48
XAUUSDm,3m,rsi_trend_25_75,regime,2.0,2.0,1.0,323,142,43.96,895.45,19.05,18,47
XAUUSDm,3m,engulfing_body_0.5,pattern,2.0,2.0,1.0,1077,454,42.15,864.26,18.01,17,48
XAUUSDm,3m,rsi_revert_25_75,regime,2.0,2.0,1.0,332,150,45.18,640.92,13.64,13,47
XAUUSDm,3m,engulfing_body_0.65,pattern,2.0,2.0,1.0,763,328,42.99,653.28,13.61,11,48
XAUUSDm,3m,rsi_trend_20_80,regime,2.0,2.0,1.0,118,53,44.92,385.52,11.34,9,34
XAUUSDm,3m,engulfing_body_0.8,pattern,2.0,2.0,1.0,365,156,42.74,453.35,9.86,8,46
XAUUSDm,3m,rsi_revert_20_80,regime,2.0,2.0,1.0,121,55,45.45,299.65,8.81,6,34
XAUUSDm,3m,donchian_break_20_k0.0,structure,2.0,2.0,1.0,0,0,0.0,0.0,0.0,0,0
XAUUSDm,3m,donchian_break_50_k0.0,structure,2.0,2.0,1.0,0,0,0.0,0.0,0.0,0,0
XAUUSDm,5m,sma_cross_5_50,indicator,2.0,2.0,1.0,5480,2369,43.23,6942.99,138.86,42,50
XAUUSDm,5m,sma_cross_10_50,indicator,2.0,2.0,1.0,5477,2362,43.13,6837.44,136.75,41,50
XAUUSDm,5m,ema_cross_5_50,indicator,2.0,2.0,1.0,5487,2337,42.59,6760.72,135.21,41,50
XAUUSDm,5m,ema_cross_13_34,indicator,2.0,2.0,1.0,5487,2341,42.66,6752.8,135.06,41,50
XAUUSDm,5m,ema_cross_5_20,indicator,2.0,2.0,1.0,5492,2357,42.92,6735.59,134.71,43,50
XAUUSDm,5m,ema_cross_8_20,indicator,2.0,2.0,1.0,5489,2347,42.76,6722.72,134.45,43,50
XAUUSDm,5m,ema_cross_8_34,indicator,2.0,2.0,1.0,5488,2329,42.44,6714.24,134.28,41,50
XAUUSDm,5m,sma_cross_13_34,indicator,2.0,2.0,1.0,5480,2340,42.7,6693.59,133.87,43,50
XAUUSDm,5m,ema_cross_10_50,indicator,2.0,2.0,1.0,5480,2344,42.77,6673.75,133.48,41,50
XAUUSDm,5m,sma_cross_5_20,indicator,2.0,2.0,1.0,5490,2353,42.86,6653.88,133.08,42,50
XAUUSDm,5m,sma_cross_8_34,indicator,2.0,2.0,1.0,5487,2317,42.23,6530.79,130.62,41,50
XAUUSDm,5m,sma_cross_8_20,indicator,2.0,2.0,1.0,5499,2335,42.46,6373.69,127.47,42,50
XAUUSDm,5m,pressure_thrust_0.2,custom,2.0,2.0,1.0,4711,1986,42.16,5200.42,104.01,42,50
XAUUSDm,5m,z_break_0.8,volatility,2.0,2.0,1.0,3884,1638,42.17,4694.4,93.89,41,50
XAUUSDm,5m,pressure_thrust_0.35,custom,2.0,2.0,1.0,3928,1660,42.26,4426.35,88.53,41,50
XAUUSDm,5m,z_revert_0.8,volatility,2.0,2.0,1.0,3894,1724,44.27,4354.01,87.08,37,50
XAUUSDm,5m,z_break_1.0,volatility,2.0,2.0,1.0,3314,1387,41.85,4065.81,81.32,40,50
XAUUSDm,5m,z_revert_1.0,volatility,2.0,2.0,1.0,3335,1485,44.53,3819.03,76.38,38,50
XAUUSDm,5m,pressure_thrust_0.5,custom,2.0,2.0,1.0,2909,1227,42.18,3650.08,73.0,36,50
XAUUSDm,5m,donchian_break_20_k1.0,structure,2.0,2.0,1.0,2826,1187,42.0,3381.14,67.62,32,50
XAUUSDm,5m,z_break_1.2,volatility,2.0,2.0,1.0,2813,1161,41.27,3358.96,67.18,38,50
XAUUSDm,5m,z_revert_1.2,volatility,2.0,2.0,1.0,2830,1275,45.05,3293.11,65.86,39,50
XAUUSDm,5m,rsi_revert_40_60,regime,2.0,2.0,1.0,2449,1156,47.2,3236.63,64.73,40,50
XAUUSDm,5m,rsi_trend_40_60,regime,2.0,2.0,1.0,2441,989,40.52,3061.7,61.23,36,50
XAUUSDm,5m,z_break_1.5,volatility,2.0,2.0,1.0,1972,813,41.23,2656.29,53.13,33,50
XAUUSDm,5m,pressure_thrust_0.65,custom,2.0,2.0,1.0,1926,829,43.04,2640.87,52.82,32,50
XAUUSDm,5m,z_revert_1.5,volatility,2.0,2.0,1.0,1987,908,45.7,2501.34,50.03,35,50
XAUUSDm,5m,donchian_break_20_k0.6,structure,2.0,2.0,1.0,1747,727,41.61,2473.61,49.47,33,50
XAUUSDm,5m,donchian_break_50_k1.0,structure,2.0,2.0,1.0,1548,664,42.89,2426.23,48.52,32,50
XAUUSDm,5m,rsi_trend_35_65,regime,2.0,2.0,1.0,1285,522,40.62,1974.67,39.49,26,50
XAUUSDm,5m,rsi_revert_35_65,regime,2.0,2.0,1.0,1294,602,46.52,1889.49,37.79,32,50
XAUUSDm,5m,pressure_thrust_0.8,custom,2.0,2.0,1.0,1224,522,42.65,1879.09,37.58,29,50
XAUUSDm,5m,donchian_break_50_k0.6,structure,2.0,2.0,1.0,947,411,43.4,1748.03,35.67,30,49
XAUUSDm,5m,donchian_break_20_k0.4,structure,2.0,2.0,1.0,1232,512,41.56,1627.53,32.55,28,50
XAUUSDm,5m,rsi_trend_30_70,regime,2.0,2.0,1.0,566,234,41.34,1138.11,23.23,22,49
XAUUSDm,5m,donchian_break_50_k0.4,structure,2.0,2.0,1.0,651,280,43.01,1102.21,22.49,22,49
XAUUSDm,5m,rsi_revert_30_70,regime,2.0,2.0,1.0,571,258,45.18,1031.5,21.05,17,49
XAUUSDm,5m,engulfing_body_0.2,pattern,2.0,2.0,1.0,796,342,42.96,796.7,17.7,18,45
XAUUSDm,5m,engulfing_body_0.35,pattern,2.0,2.0,1.0,756,325,42.99,727.94,16.18,18,45
XAUUSDm,5m,donchian_break_20_k0.2,structure,2.0,2.0,1.0,636,247,38.84,739.63,15.41,14,48
XAUUSDm,5m,rsi_revert_25_75,regime,2.0,2.0,1.0,246,119,48.37,634.43,14.42,14,44
XAUUSDm,5m,rsi_trend_25_75,regime,2.0,2.0,1.0,245,101,41.22,603.97,13.73,13,44
XAUUSDm,5m,engulfing_body_0.5,pattern,2.0,2.0,1.0,608,260,42.76,583.64,12.97,13,45
XAUUSDm,5m,donchian_break_50_k0.2,structure,2.0,2.0,1.0,353,145,41.08,599.86,12.76,12,47
XAUUSDm,5m,rsi_revert_20_80,regime,2.0,2.0,1.0,97,42,43.3,347.61,11.99,5,29
XAUUSDm,5m,engulfing_body_0.65,pattern,2.0,2.0,1.0,401,181,45.14,483.33,10.98,12,44
XAUUSDm,5m,rsi_trend_20_80,regime,2.0,2.0,1.0,96,50,52.08,276.53,9.54,7,29
XAUUSDm,5m,engulfing_body_0.8,pattern,2.0,2.0,1.0,160,75,46.88,240.45,5.86,5,41
XAUUSDm,5m,donchian_break_20_k0.0,structure,2.0,2.0,1.0,0,0,0.0,0.0,0.0,0,0
XAUUSDm,5m,donchian_break_50_k0.0,structure,2.0,2.0,1.0,0,0,0.0,0.0,0.0,0,0
